Uniprot_AC	nb_obs
P30613	1306
B1AHD1	66
P20930	3
P20933	14
P20936	34
Q8TBF2	1
P23919	49
Q6ZNW5	1
Q9NXR8	1
Q9C0H2	2
H0YIV9	66
Q9C0H9	8
Q00534	17
E9PN48	21
Q07960	132
Q9NXR7	17
Q96J66	7
O00712	3
Q96J65	4
F5H760	981
Q5H9L2	25
Q9UBM7	111
P40424	1
P40429	134
Q7Z3T8	3
Q13838	354
Q9H2I8	2
P08842	3
P03891	5
P48960	8
P03897	7
P02768	50490
E7EVL8	456
P05386	218
P05387	584
P02760	132
P05388	704
P02765	176
P02766	332
I3L200	2
Q9UJ70	185
Q15165	244
Q15166	362
O15254	45
P59282	5
Q96QG7	2
P29401	1426
P29400	32
Q9H0S4	13
P39023	353
Q96CS3	36
Q5W111	2
P62807	4859
P62805	4513
Q92835	12
Q4G0I0	1
Q9BVC4	4
Q9BZG1	63
O43933	27
Q9BZG8	27
Q9Y597	2
Q09161	47
Q09160	134
P09001	5
P04035	17
P60520	7
Q9UKZ1	3
P53701	12
Q14568	1298
Q14562	4
Q86TG7	14
Q8NFQ8	56
Q6P1A2	103
Q9UHF1	4
P41218	38
P41219	143
P41214	4
Q92526	85
Q92520	40
Q92522	87
Q7Z5L2	2
Q7L8L6	1
Q9BQP7	1
Q02878	441
P27449	7
P27448	17
P86397	1
Q96HA9	20
O75165	96
Q96G23	97
Q96G21	2
P06865	57
Q96G25	1
Q9BWU0	6
Q8TEH3	5
Q13232	40
Q9HCE5	3
Q14671	3
Q00535	18
P19075	5
P10916	31
Q6UW02	53
P23743	4
O95528	1
Q8WUF8	2
Q5MY95	2
O00244	68
P48147	169
B7Z493	15
Q99519	11
Q99518	8
Q9BQG0	83
Q4VC31	44
Q96RU3	4
Q96RU2	2
Q9NYU1	27
Q9NYU2	627
A4D1P6	23
P55145	176
P50395	1554
Q9Y5A7	9
Q13643	3
Q9Y5A9	21
P40306	56
Q9UBM1	15
Q6XQN6	483
Q02127	29
Q5XXA6	9
Q8TCC7	1
Q96CN9	3
Q6ZRV2	5
Q96KM6	3
Q92917	4
Q96CN7	206
Q96N76	368
Q03188	1
Q5RKV6	9
Q9H6R4	29
P10644	114
P48556	65
P45877	28
O15067	113
O15066	1
P60891	203
Q9H6R3	280
P07093	1
Q9NZM5	1
Q9NZM4	1
Q9NZM3	12
P16422	21
Q9NZM1	153
P02549	778
A6NNZ2	2233
Q8N5G2	4
Q8N5G0	19
Q06609	1
Q9Y291	2
Q9Y296	16
Q9Y294	10
Q9Y295	44
H3BPE1	704
Q9NUQ3	3
Q6ICB0	1
Q99952	1
P49796	1
P49790	47
P49792	135
B0I1T2	20
P51116	14
P51114	28
Q86VD7	43
Q587I9	12
Q9Y2T7	144
O60547	27
O60812	388
O43633	34
Q9Y2T3	203
Q9Y2T2	25
J3KPV7	1141
Q9P0L0	263
P31483	13
Q32MZ4	207
O75420	2
P35251	16
P35250	9
Q08170	90
O75427	1
Q8IY17	38
Q8IY18	3
Q92733	6
Q92734	111
Q9H773	11
Q92736	9
Q00765	86
O60603	13
Q5T5P2	34
Q99614	34
O00506	22
O00505	45
E3W994	17
P20132	96
P01009	2408
P01008	351
Q01581	557
P02763	527
Q9BXB4	9
Q8IYD1	69
P08034	10
O75391	11
O75390	241
O75396	305
O75394	3
Q8IVD9	4
Q9Y4F1	115
Q9Y4F3	1
Q9Y4F5	1
P46013	105
P46019	81
Q9BSD7	25
P42773	1
P42771	3
O94973	367
H0YAC1	21
Q8WXH0	193
Q9NXE4	4
P28838	1537
Q04609	8
Q9UI09	106
J3KS54	57
P22760	360
P19440	73
Q96LZ7	52
Q16512	8
Q16513	10
Q14004	13
Q14005	25
Q9H3P7	77
Q8WY22	20
P19224	458
Q9BUV8	3
Q8NCW5	111
Q9NUT2	34
O15258	108
Q9HA77	26
O14936	84
O43325	2
O43324	64
O14933	10
P04839	99
P49406	19
Q7Z7F7	2
P56937	44
Q9Y2K7	3
Q9UHY1	17
Q9UHY7	42
O14681	18
O14683	1
O14684	1
E7EX87	64
Q9UNE7	22
Q86XA9	2
Q86SZ2	7
Q6P6B1	5
Q7Z2T5	11
Q9BYM8	1
Q7L2H7	92
P50895	209
P50897	87
P49895	3
Q8IY21	8
Q63HM1	44
Q13586	141
Q8WWC4	19
O95758	27
Q6UY14	2
Q9BWH6	6
Q9BWH2	20
Q8NHV4	1
Q6YP21	26
Q8NHV1	4
O75069	15
Q9C0J9	268
Q9H788	5
Q10586	1
Q10589	20
Q10588	5
M0QZM1	367
P01920	18
O00268	2
O00267	28
O00264	929
P08865	863
P33947	49
Q9H2K0	2
Q9H2K8	15
Q9NQ55	6
Q9NQ50	8
P56557	1
P56556	52
E9PL57	35
C9JDL1	858
O95342	116
O95340	151
O95347	51
Q13190	13
Q9H0Q0	15
P60174	4825
Q14157	61
Q9NQH7	37
Q12981	6
Q9Y608	46
P29466	19
Q9Y605	3
Q9Y606	17
Q8N6M3	1
P28482	138
P28330	51
P28331	587
P62829	180
Q96CU9	7
P62820	373
Q5XPI4	27
P62826	482
P18615	14
P51858	532
P51857	599
Q969I3	70
Q969I6	21
P02743	212
P02741	43
P02747	48
P02746	37
P02745	10
Q9Y6G5	14
P02749	372
P02748	110
Q9BZE4	18
O95967	9
Q9UKX7	20
Q9UKX2	401
Q9UKX3	320
Q6PHW0	7
P43490	535
Q9Y6E2	27
Q9NRV9	270
Q9UHD9	62
Q9UHD8	249
Q9UHD2	39
Q9UHD1	33
Q9UHD4	3
Q7Z5G4	4
Q92506	262
Q92504	13
Q92503	1
P08195	90
P23378	1740
P17483	5
P17480	39
P0CB43	12
Q96HC4	354
Q6KCM7	3
Q13217	91
Q71DI3	1120
Q99685	84
Q9BWW8	2
P14618	985
Q5TBC7	1
P11226	66
P63010	449
Q8N159	15
Q6UW63	3
O75387	22
Q96BR5	3
Q6VVB1	1
Q6UW68	137
Q15746	155
Q96BR9	1
Q86X76	148
O15431	9
O15438	60
O15439	7
Q9NYK5	15
Q99538	109
Q99536	416
Q9BQE3	4933
Q9BQE4	7
Q9BQE5	78
P41091	188
Q96RS6	7
P40855	65
Q9UJT0	1
Q9Y5C1	3
Q9NS69	116
B0YJC4	2972
Q9NX18	3
Q9NX14	29
P16190	227
Q16891	553
Q16890	15
P13489	449
Q9HD34	3
Q14839	99
Q9HD33	6
Q8NI51	2
O14745	285
O14744	63
Q96I24	132
P22415	2
Q9NZK5	2
Q8N5Y8	1
P22413	95
P15259	563
P50402	75
P55160	52
A6NEL2	2
M0R2X1	2
P10599	1186
Q14566	124
Q9BR61	3
Q96PE7	74
Q5JTH9	27
P55290	6
Q96C01	31
Q969X6	4
Q969X5	128
Q6P5R6	2
O60830	5
O60831	7
O60832	82
Q00169	86
Q9Y2V7	3
Q9Y2V2	189
Q9P0J0	68
Q9P0J1	6
Q9P0J7	1
P29144	376
Q8NBJ7	71
Q8NBJ5	53
Q8NBJ4	5
O75400	47
Q7LDG7	1
P01024	3157
P01023	2084
P17677	23
P17676	5
Q9Y4D1	2
Q8TCE6	13
Q9Y4D7	8
Q9Y4D8	8
Q9H8G2	2
P18283	22
Q8N300	1
Q86U17	7
P43007	23
Q86U10	19
Q9H2P0	9
Q92979	17
Q02447	3
Q99942	6
Q99943	17
Q9BSF4	4
Q9NPI1	1
Q5RI15	23
Q66LE6	15
Q96JJ3	27
Q96JJ7	10
P18135	154
Q9UI26	15
P04179	2036
Q7Z6J4	4
Q05397	21
Q14249	8
Q14247	250
Q14244	12
Q14242	3
Q7Z6J9	1
Q14240	444
Q14241	6
Q8IWX8	7
P24928	76
P19429	1
P15735	29
P07858	992
P52594	19
O94956	45
Q86YB7	377
Q14790	8
Q14061	51
Q86YB8	11
P16298	17
Q68E01	8
O00168	34
Q8NCU4	1
Q9GZR7	42
P15088	12
Q16795	224
O14910	23
P62280	205
O43347	2
P25786	308
P25787	269
P25788	170
P25789	244
O60220	77
O60229	1
Q8IZH2	27
P67936	632
P11413	126
Q9BUT1	143
P63220	180
P11142	4166
Q9BUT9	1
Q86SX6	123
Q16134	844
Q8TBB5	1
P80404	3428
Q15532	3
Q96GK7	315
Q76EJ3	1
F5H410	4
O95777	25
Q13564	40
Q13561	177
Q9BWJ5	20
Q8NE62	130
Q9Y275	1
Q9Y277	262
P01909	32
Q9Y279	4
O00203	52
O00204	6
P01903	119
Q9H2M3	803
Q9H2M9	57
Q9NV06	1
Q9BYK8	21
Q5BKT4	1
Q96AQ8	2
Q7Z333	1
Q96AQ6	34
O95363	4
Q9Y625	7
Q9Y624	59
Q9Y623	267
Q9BV73	1
Q9BV79	20
O15296	10
P15313	51
Q9C040	13
Q00577	64
Q12965	58
Q9NXV6	36
Q12962	10
Q96CW5	11
Q9P253	25
P62841	161
P62847	141
Q01628	25
Q9P258	70
Q14554	293
Q9H3F6	2
Q9Y6Y0	1
Q70IA6	2
Q9Y6Y8	105
Q9GZM8	1
Q9UKV8	52
Q9GZM5	4
Q9GZM7	32
Q9UKV3	130
P35606	503
P46199	16
P35609	919
P42566	72
O76080	2
Q8NFU3	20
Q6P1M0	13
Q6P1M3	19
P39060	214
P78537	4
P11908	166
Q92569	4
Q6ZMZ3	10
Q05707	788
Q92562	3
Q5T5Y3	1
P52566	279
P52564	9
P52565	492
P42694	1
P57081	1
Q53FZ2	214
P57088	88
P52569	21
Q8WU76	9
Q8WU79	25
Q96HE7	211
P08311	104
Q9H255	1
Q9H254	68
P08319	33126
P08670	3316
Q8TED0	3
Q8TED1	5
O43598	128
P07996	232
P07998	1
O43592	67
P40121	212
O95563	166
P40123	21
Q96BP2	1
Q96BP3	5
Q9BQC3	1
Q9BQC6	4
Q86X55	19
Q13043	10
Q96RQ9	11
K7ENF0	3
Q96RQ3	282
Q96RQ1	6
Q8N3U4	29
Q9NQP4	23
P40692	2
P33778	4599
Q9Y5E8	3
Q8IUI8	6
Q9NX38	1
Q8NFF5	21
P07332	8
P07339	2126
P61764	1
P61769	137
P69891	12469
P69892	13331
Q86WJ1	1
P10606	445
Q9NZI5	2
Q9HD15	4
Q9NZI8	138
P62072	8
P62070	34
P50461	3
P55103	4
H7BYY1	414
Q9UJV9	9
Q9HBR0	31
P10144	1
Q9NUM4	5
B1ALY0	59
Q8NCN4	1
Q8NCN5	22
Q92870	1
Q5JTJ3	37
Q96TA1	109
Q96C24	6
Q96C23	182
Q9ULD2	5
Q9ULD0	166
Q8N108	2
P51159	84
P51153	69
P51151	21
Q9BTU6	8
Q9Y2P8	1
Q9Y2P5	1297
Q9UMX3	4
Q9UMX0	83
Q04864	4
P17735	61
Q9UMX5	25
Q13795	6
Q13797	9
Q13796	2
Q13790	1
P18847	1
Q9Y478	14
Q9NVU7	3
Q00722	8
P02461	77
Q9Y3L5	65
P78406	22
P23141	15778
P23142	209
Q9Y3L3	8
P17655	221
P05204	108
Q9Y2H5	38
P14384	9
P01040	39
P01042	138
Q15029	243
Q6PJ69	2
Q15024	20
Q15027	1
O00541	19
Q15021	30
Q15020	96
Q6PJ61	1
Q15022	1
O00443	3
Q86V81	114
O15173	336
Q9Y4J8	7
Q9BXN1	35
Q8TCG1	1
P52179	7
Q9P1Z2	3
P62987	1738
P34741	14
Q9BVG4	26
Q8IY57	3
Q92954	13
Q86U38	2
Q92959	2
Q9BVG9	1
Q99961	43
Q99969	2
P42224	291
P42226	20
Q9UI42	26
P22234	398
Q01459	6
P04150	5
P40305	1
P26927	11
Q96JH7	27
O75683	3
Q9H089	4
O75688	27
Q9H082	59
P27348	682
P19404	184
Q6NUM9	158
Q68CQ7	1
Q8N6R0	8
Q9H3T3	4
P54687	5
O14972	6
Q9NUP9	44
O14976	37
O14974	57
O14975	575
Q9NUP1	2
O14979	195
O95302	12
A6NKQ9	4
Q9GZP9	13
Q9GZP8	1
Q9GZP4	30
Q9H9A6	25
P49448	5427
O75027	39
Q8IZV5	23
O75023	6
P49441	17
Q05519	22
P49447	3
Q8IWZ3	17
Q9HCU5	27
P11387	84
Q02880	95
Q96PP8	5
Q96PP9	13
Q13405	23
Q13404	112
Q13402	13
P05783	4689
P11169	3
P63208	126
P11166	90
C9K0J5	25
P01861	2114
P01860	1737
Q96GE9	4
Q96GE6	2
P61513	30
Q13541	4
Q13542	10
Q13546	14
Q13547	62
Q9NY93	5
Q5T750	1
Q9BWL3	1
O00221	1
Q96J01	6
Q96J02	19
Q9UBC2	43
Q9UBC5	63
P50148	67
Q9NVM6	4
Q96BM9	108
Q13895	18
Q9NVM4	1
P21397	738
P24557	37
P33908	42
Q8IY81	20
Q6ZS17	1
Q9NQ94	205
P18433	8
Q5QJ74	6
P33552	1
Q5VWZ2	100
P10412	2849
O15061	1
P29317	3
Q86UE8	4
P48065	14
P35998	207
Q29940	290
Q9Y646	74
Q9BV57	169
Q86UE4	261
Q08722	6
Q9NXH9	4
P10643	24
P48553	8
P01782	3
P01780	6
Q9P270	12
P62861	21
Q92890	40
Q92896	132
Q969M7	2
Q969M1	2
Q969M3	12
P02787	4809
P02786	455
O60447	3
P02788	461
P39880	7
O14495	10
O14494	10
O14497	19
O95926	2
Q9UKT5	2
Q9H1I8	6
P07099	3195
Q5T6X4	1
Q86TI0	2
Q86TI2	62
Q8NFW8	96
Q01968	1
Q9NRR3	1
P23083	46
Q9NRR5	25
P28370	32
Q92542	30
Q92541	5
Q92546	1
Q92544	53
Q9H4Z3	2
P69905	55839
P05413	68
Q9HAV0	129
Q9HAV7	102
Q9HAV4	30
Q96SB8	2
Q96SB4	14
Q96SB3	6
Q8N806	2
Q6A162	9
Q9H270	17
Q14457	1
Q8WU10	3
P14651	9
Q9Y3Q8	4
Q8NEU8	24
Q8TEB9	6
Q9Y3Q3	4
Q659C4	17
Q8N9T8	6
P15954	24
A5PLL7	2
P26599	658
Q9H5X1	14
O95544	2
Q00G26	8
Q99570	18
Q9BQA9	21
Q99575	4
Q14687	3
Q9BQA1	10
P22061	185
P82650	23
Q5W0V3	14
Q8NDI1	28
P36507	59
Q8IXI1	48
Q8IXI2	25
P19367	156
Q9NX55	8
Q9NX57	3
Q9NX58	12
P05455	207
P07311	1
P10620	1433
Q9BRA2	124
Q9H6H4	1
Q29718	295
Q9BQ04	14
Q5T6V5	45
P15291	4
Q96A29	5
Q96DX5	7
Q9UJX4	3
P50336	42
Q9UJX3	4
Q96A22	2
Q8NCL4	2
Q9NR77	165
Q5BJH7	6
P56470	172
Q9NUK0	11
P84085	535
Q15477	78
Q9P2T1	39
Q96TC7	76
Q96KQ7	1
P13995	2
Q03169	3
Q9Y2R0	39
Q9Y2R5	8
P50213	95
Q9Y2R9	15
P29762	3
O60879	21
P30049	270
P30048	1683
Q8N8S7	7
P30041	3161
P30040	694
P30043	2106
P30042	470
P30044	1024
P30047	122
P30046	1401
P55789	24
Q9GIY3	99
P55786	267
Q9UMZ2	3
P13667	2566
P13196	6
Q15007	12
Q15006	17
Q15005	135
O00567	166
O00560	29
Q15008	149
Q96S44	21
Q8WWZ8	11
O15155	5
P51178	28
Q8WWZ4	4
Q8TE04	8
Q8TCA0	2
P0CG12	8
Q8NBF6	5
Q9Y324	1
Q9Y450	45
Q8NBF2	69
Q5BKZ1	48
P21757	7
Q92930	127
Q92934	5
Q5T7V8	1
P15907	63
Q96AJ9	3
Q14202	3
Q14204	1857
P00338	3960
Q9Y4H4	1
Q9Y4H2	6
P55001	5
P68036	168
Q9UN36	562
P68032	8854
P07814	549
O43164	1
O43166	1
O43169	167
P19174	23
P79483	62
Q8N6T3	14
Q8N6T7	1
P35414	1
Q9H3Z4	23
Q9BSB4	2
Q86YN1	9
O94992	12
O14958	1
O14957	6
O14950	562
Q6FI81	41
Q9H9C1	1
P36269	224
P27361	82
O60262	6
Q8IWT0	14
P61353	150
Q15645	6
Q15643	32
Q15642	12
P98187	76
P45381	4
Q13427	7
Q13426	2
Q13425	21
Q13423	1812
Q13422	1
O95487	85
O95486	131
P63261	22654
Q53HC9	7
P63267	7627
Q7Z2Z2	22
Q96M96	14
Q13522	6
Q13523	18
P01889	301
P01880	1
P48730	1
Q8NHP8	7
P48735	1575
P48736	3
P48739	105
Q8NHP1	256
Q8NHP6	3
Q9NWX6	2
Q9NT62	49
Q0P6H9	1
Q7L592	14
O43903	46
Q7L2E3	27
Q6ZS30	7
P48651	12
P19827	250
Q14999	3
P19823	321
Q14993	1
Q14997	19
P51784	3
P62136	246
E9PMS6	129
P12109	1276
Q7L775	11
Q96GW9	2
Q9UQ80	285
P12235	580
P21108	141
Q9NQR4	1358
P29373	20
P29372	4
Q9NQR1	1
Q9NXJ5	5
Q12929	14
Q29963	239
Q9Y666	18
Q86XI2	1
Q29960	204
Q9UBE0	58
Q9C002	14
Q9C005	25
P03905	17
Q969S8	1
Q969S9	11
Q86WU2	209
Q4G0N4	604
Q8TAD4	1
Q5QJE6	6
Q9H1K0	1
Q9H1K1	9
Q9H1K4	78
Q9NRP4	2
P29597	1
Q9NRP0	54
P29590	84
Q9NRP2	3
Q09472	7
O43924	1
Q9P2I0	14
Q9Y6D5	81
A8MUM1	8
P02751	2070
Q8WW59	250
O75251	45
A9UHW6	4
P43652	52
Q8WW52	17
Q9Y6D6	62
Q9NTN3	34
P08684	870
P08138	5
Q9H4X1	2
P08134	264
Q53FV1	22
P08133	3169
Q8N755	1
P54727	357
O95905	2
Q9UKR5	35
P07357	39
P54252	3
Q9H299	85
P07355	2091
Q14435	9
P05556	433
P14678	85
Q8NEW0	17
P14672	1
Q01085	39
Q01082	3371
Q01081	79
Q8N139	142
Q8N138	19
Q765P7	11
P0CG38	4896
P0CG34	11
P26572	24
P0CG30	48
Q86X10	11
P59998	189
O15498	19
P19878	11
Q99598	40
Q02218	408
Q8IV36	26
Q99590	8
Q9UG56	2
P82673	9
Q8WU39	19
P82675	8
P21926	16
P21291	290
A7E2V4	1
P16615	537
Q9Y5I4	7
O43447	23
P05161	23
Q9NX70	1
Q9NX76	2
Q9NX74	1
Q16342	1
P62304	33
P62306	38
Q9UEW8	2
Q6UWH6	1
Q9BRG1	58
Q8ND24	6
Q8NI36	11
Q8ND23	2
O14727	13
Q9UJZ1	280
Q96A00	1
Q6BCY4	17
P58166	11
Q9NVD7	103
Q96I15	105
Q9NUI1	188
Q5BJF6	3
Q9NR56	55
Q5BJF2	32
Q9NR50	22
Q9P2E9	3664
F5H1X8	289
Q9UL18	45
P49716	3
P49711	10
I3L2I4	1
Q8TDC3	1
P13645	3791
P13646	215
Q04828	4184
P13640	1747
Q96ED9	8
Q04826	263
Q07157	150
Q15061	6
Q75QN2	1
Q96S66	55
Q15067	654
P55854	49
P17612	83
O00584	42
Q9H7D7	4
Q9H7D0	9
Q8WWX9	1
O15131	28
Q9BTY2	11
Q7L014	57
Q9H2V7	7
P51991	753
Q9Y303	7
Q9Y305	55
P29122	1
Q8IY95	15
Q9BVC6	76
Q8N4P3	74
Q86VX2	14
P04114	2369
P15927	41
P15924	620
Q01415	28
P53041	59
P00352	7369
Q0VGL1	11
Q9Y5K5	39
Q8TCC3	3
Q9BXJ8	27
Q9BXJ9	79
Q8IYL3	1
Q96PU5	10
Q9BXJ7	7
Q96PU4	2
O43149	12
O43148	5
O43143	197
Q6NUQ4	41
Q6NUQ1	4
Q92667	52
Q92665	18
P53597	639
P23276	1
Q86YH6	2
P62633	207
Q05086	29
Q9BSL1	8
P42261	2
Q9GZT3	54
Q9GZT6	23
Q9GZT4	5
Q9GZT9	21
Q9GZT8	25
Q8WYQ3	1
Q9H330	24
Q8IWV7	12
O60240	21
Q9H9E3	16
O75063	1
Q8IWV8	7
Q9HCY8	13
Q9NUG6	8
Q9Y2Q3	705
Q9UHQ9	131
Q15661	164
P26038	1200
Q9UHQ1	3
Q9UHQ4	7
Q99436	77
P63241	1010
P63244	622
Q13443	1
Q13442	90
Q13445	26
Q99439	58
Q96GA3	2
Q96GA7	111
Q15596	2
Q15599	78
Q13509	2841
Q4G176	71
Q13505	52
Q13501	38
P12694	235
Q9NWZ3	3
Q9NWZ5	1
Q7Z3B4	34
Q96BI1	16
Q7L576	227
Q9UQE7	179
P48634	28
P48637	228
Q9Y266	116
Q16626	1
P15311	772
Q16625	23
A8MT69	1
Q16629	226
Q7Z422	4
Q7Z429	1
Q9BV10	8
Q9BS40	26
Q9BV19	8
P21127	10
Q6S8J3	11274
P29353	12
P29350	85
Q12907	341
Q12906	413
Q12905	203
Q12904	118
Q9UBG0	24
Q969Q0	23
P03923	4
Q969Q5	6
Q5TBB1	4
P03928	17
Q7L7L0	3474
P78509	1
Q7Z4G1	6
P27816	244
A2RTX5	30
P49902	28
P49903	45
P49908	3
Q8IZ73	1
Q86TM6	16
Q53EP0	22
Q07812	58
Q07817	7
P78383	1
P78381	2
P78386	104
P78385	112
P14209	25
P05181	457
Q9Y6M1	99
Q14BN4	3
P05186	47
P14207	12
Q9P2K8	1
Q9P2K3	1
P01743	46
Q86VS8	47
Q53FT3	12
O75908	18
O75909	5
O75907	59
E9PBJ4	3656
Q14008	93
Q96QK1	456
P05452	25
P17405	3
Q9H3P2	8
P06744	1508
P54278	1
Q9Y3U8	30
P00167	2323
P05534	239
Q8TB45	4
Q8TB40	1
P62753	226
P62750	248
P18031	32
P22392	508
Q96P16	31
P15559	53
Q92581	1
Q8TDP1	2
Q05193	28
P13797	709
P02675	2468
Q96AE4	237
Q5JU69	3
P53675	665
P53674	1
Q14146	2
Q14141	69
Q14142	2
Q14149	4
Q8WVY7	9
Q96IV0	10
P16118	19
O43464	32
P15121	165
P19320	42
P07359	11
P07358	36
P62328	310
Q96JQ2	30
P46821	58
Q16363	40
Q5VTL8	7
Q8WUH2	6
Q8WUH6	8
Q6ZSR9	3
Q9BYQ8	1
P49407	48
Q9UDX3	14
P58107	78
Q9UDX5	11
Q5U651	6
Q96A65	52
P36542	357
Q9Y5K6	100
Q8IXM3	8
Q8IXM2	58
Q8IXM6	7
Q92781	2
Q9Y5K8	22
Q9NR31	210
Q9NR30	193
Q5BJD5	17
P49736	98
P06400	7
O95674	63
P34949	57
O95671	74
Q96C86	43
Q15436	531
Q15437	153
O95678	549
Q15435	126
Q8ND04	2
Q6NVY1	605
P30085	557
P30084	5644
P30086	10513
P12318	9
P35579	6974
Q9P0B6	2
Q96NU7	197
P06748	755
Q29RF7	76
Q96EB1	1
Q9UN86	49
B1AK53	7
Q9BUA6	8
P08962	12
Q6DN03	377
Q63HR2	83
P57740	34
O95202	193
Q15042	38
Q15043	238
P31689	122
Q15046	298
Q96S82	1
O15111	6
Q9H7B2	6
O15117	4
O15116	4
O15118	40
Q8WWV3	11
P29728	32
O95208	2
Q01780	17
P31350	20
Q9BVA1	5381
Q9BVA0	1
Q9H2X9	3
Q9H2X3	61
Q9BT09	55
P07437	6918
Q5T2N8	39
Q9Y490	3208
Q58FF3	324
P07438	17
Q9Y365	62
Q8N4V1	7
Q01432	4
P61077	41
P28676	22
P15498	16
P10321	199
P15941	13
Q96AN5	2
Q9BXT2	1
P00374	16
P16949	91
O14686	1
P08582	23
Q9Y4L1	998
Q9Y4L5	1
Q96LL9	1
P49917	1
Q709C8	234
Q92643	5
P49137	5
Q6YHU6	2
P23258	51
Q86YJ6	2
O75592	2
Q4G0X4	2
Q9NPQ8	32
P20042	217
Q9GZZ9	24
Q9GZZ1	37
Q9H9G7	24
Q8IZP0	26
O75044	1
Q05209	6
Q96FC7	1
P25705	4735
Q86TP1	6
P36222	20
O43617	14
O43615	103
P61916	151
P61313	214
Q17RN3	4
Q13464	131
O95445	3
Q13469	4
P11498	2827
Q99417	13
C9J406	514
P50749	3
Q96GC9	7
Q96GC5	10
P50747	1
P48775	8
P36959	11
P36955	43
Q03426	107
P36957	376
P36952	6
Q9BY89	7
P19793	9
Q9NY35	1
Q9NY33	315
Q68EM7	26
Q06830	3021
Q5JPI3	1
Q14956	33
Q8N1A6	1
Q9NV88	4
O14880	305
Q96HP4	6
Q96HP0	1
P09972	561
P15374	92
Q86UK7	1
Q7Z401	3
Q9HC52	2
Q7Z406	1124
Q86U90	1
Q9NXN4	13
Q9UBY8	2
P07602	386
Q96D46	23
P50120	26
O00287	2
P51654	7
Q86WQ0	3
O14757	2
Q5GJ75	1
P51659	3343
O95757	119
O60427	6
P30740	273
Q9Y6Q5	18
P07954	1464
Q5ZPR3	14
Q9UJC3	53
Q9Y496	5
P54652	1729
P49961	13
Q6UVK1	25
Q01433	80
P52294	56
B1ALD8	187
P20674	353
P20671	3723
O76009	76
P52298	8
O76003	124
O00425	82
P55957	74
Q15386	30
Q15382	21
O00422	14
Q10471	103
Q10472	6
Q15388	9
Q05932	1
P01760	3
P01762	6
P01763	17
P01765	29
Q9P2M7	236
Q9NTJ4	41
Q9NTJ5	130
P23396	668
P00491	573
P00492	142
O75925	1
P27482	25
P27487	192
Q9UGI8	32
Q10713	65
O15305	61
Q99627	43
Q99624	60
Q99623	861
Q99622	10
P54920	292
P08397	189
P54922	2
Q9C0J8	14
Q7L9B9	1
Q8TB22	6
Q8TB24	5
P28288	352
P28289	40
P24752	8962
Q86VU5	7
P43694	1
Q8WW12	33
Q02252	2773
P42126	447
Q5SWX8	16
O43264	43
Q6GQQ9	6
Q14166	129
Q14165	265
Q14161	11
P19652	395
P62341	19
A6NMZ7	30
Q9UGR2	1
P15144	537
Q16831	13
O43402	2
P49366	2
P49368	485
Q5R3I4	201
F8WE17	33
Q9H845	115
P08581	19
Q96A49	33
Q96DF8	1
P63167	77
Q5TC12	16
P63165	18
Q9Y5M8	245
Q8NDC0	15
P12081	110
Q9NUE0	1
P30536	10
E9PAV3	202
P30530	1
P30533	88
P49750	15
P49753	587
Q15417	89
P49755	429
P49754	10
P49757	13
P49756	48
P61106	334
Q15418	59
Q9HCB6	5
Q9BRK5	15
Q9BRK4	4
P11684	1
Q9H6F5	5
Q8TDB6	59
Q4G0F5	39
Q96NT5	5
Q96NT0	2
P06727	65
Q96NT3	1
O00635	1
P13688	49
Q6ZPD9	5
Q86SE5	14
Q6SPF0	2
P13686	5
Q9NR12	28
Q9NR16	1
Q9NR19	206
Q8N2F6	17
Q96HY6	100
P55899	39
Q9Y6R7	2
Q9BW92	58
Q8NHG8	6
Q9BW91	20
Q9Y2X0	1
Q9Y2X3	150
Q9Y2X7	2
P84243	1829
Q9Y2X8	10
P62906	211
P83731	135
P28074	168
P28070	220
P28072	109
Q9BT22	2
Q9BT23	5
Q08426	2327
Q9Y343	1
P42336	26
Q9Y2W2	21
P57764	32
Q8N4T8	98
O95881	55
P53007	276
P53004	83
O75594	2
Q86UP2	575
P10301	42
Q86XP3	59
Q9BXV9	9
Q9Y4R8	4
Q8WW22	4
Q8IVP5	11
Q9UIQ6	57
Q92629	4
Q05048	17
Q86UA1	1
Q92620	14
Q92621	84
Q92626	60
Q92625	11
Q9BSH5	172
Q9BSH4	62
P20020	120
O60287	2
O75718	12
O75717	10
Q86TV6	3
Q12983	1
O43670	14
O43674	45
O43677	4
O43676	31
J9JID7	335
E9PIE4	504
Q12986	1
O95466	37
Q15629	26
Q15628	8
Q14624	317
Q13488	26
Q9H4A9	3
Q13485	6
Q9H4A6	44
Q9H4A5	13
Q9H4A4	277
Q9H4A3	22
Q13480	1
P32121	9
Q70CQ2	1
Q70CQ3	2
Q99470	4
Q99471	38
Q9HAC7	9
O95793	84
Q6ZNA5	1
Q8N6M0	4
Q9BWD1	1168
Q9NY12	19
Q9NY15	98
P62487	5
Q6ZN40	396
Q14978	40
Q9BQ69	43
P12004	123
Q9BQ67	3
Q14974	430
P62158	1534
P09958	4
Q96HR8	1
Q96HR9	350
Q16666	51
Q7Z460	22
Q9H0E2	58
F8VQZ7	140
Q9NQT5	9
Q9NQT4	1
Q9NQT8	108
Q9BZQ6	15
P56378	7
P56377	2
Q9BZQ8	27
Q9NZZ3	24
Q08AG7	2
P17050	30
P13747	87
P13746	256
Q9NRZ7	38
P78346	7
P78347	96
P78344	68
P78345	3
P20618	327
P17661	267
O76024	21
O76027	8
Q96T60	11
P01703	17
P01700	12
Q96T66	2
Q15369	58
Q15365	661
Q15363	81
O00401	8
O00400	26
Q969U7	3
Q13905	1
O15091	4
Q9Y6G9	61
Q9BPZ7	1
P08621	83
A6NDG6	28
P01031	198
P05496	6
C4AMC7	10
Q9BZE1	14
Q9UKL0	5
Q9UKL6	28
P06280	13
O15320	146
Q6UX71	7
P21695	1502
O15327	22
Q9Y6G3	2
Q8TB03	3
Q99643	69
E7ESB2	30
Q8N9L9	2
P22352	35
P18077	44
P18074	3
O75940	3
O75947	542
Q86VW0	2
Q7Z5K2	2
Q9NYG2	1
P55011	3
B2RUZ4	23
Q8N999	2
O43242	236
Q8N3C0	59
O43795	378
Q8WU90	22
Q9UPN4	1
Q9UPN7	20
Q9UPN6	5
Q9UPN9	5
P53634	88
Q14108	208
Q9Y3Y2	17
Q14103	518
O43427	2
P16152	2103
P16150	3
P16157	300
Q7L5Y9	2
Q16851	3939
Q16850	280
Q16853	270
P99999	283
Q9UGP4	11
Q16854	6
Q9UGP8	153
A5YKK6	79
O75367	800
O75368	87
O75369	4286
Q8TCT8	2
Q8TCT9	59
Q9UDT6	10
P20853	371
P20851	2
O14786	47
Q96F10	34
P67870	35
Q13347	107
Q8IXQ3	1
P23588	152
Q8NDA8	7
Q86YQ8	13
P21980	1709
P63146	2
P11511	34
P20585	4
Q16270	9
Q6ICL3	13
A6NKN8	1
Q96FZ7	21
Q9ULJ3	1
Q96FZ5	1
Q96FZ2	1
P49773	907
P49770	21
O95639	2
O15523	219
O95630	10
G3V0J0	18
Q9BZ29	9
A0MZ66	100
Q9BZ23	11
Q96EN8	13
P06703	218
P06702	377
Q9BUE6	4
Q86SK9	5
P37235	43
P30511	56
Q9NW68	9
Q9NW64	4
P30519	88
Q96H79	12
Q96GX9	25
O95249	23
O95248	11
P37837	533
Q86V21	9
P36954	1
Q08623	25
Q9NP71	7
P48426	38
Q01814	65
Q9Y2Z9	32
Q01813	116
Q9Y2Z2	5
Q9Y2Z0	89
Q9Y2Z4	24
Q93009	146
Q93008	334
Q9NZU0	1
Q01740	52
Q9NPH3	3
Q9BVM4	45
Q9BVM2	1
P09493	388
Q9NVC3	1
Q9BT40	2
P07476	48
P07477	19
A8MXP9	457
G3V379	4
Q9UGM3	4
P01130	3
Q9UGM6	5
Q96AB3	342
P00846	20
P16989	170
Q9C0E2	12
Q9Y4P8	11
Q9BXP2	4
Q9Y4P3	83
Q9C0E8	29
Q9BXP5	103
Q6ULP2	2
Q96IJ6	75
P32856	1
P43155	362
Q92600	17
Q92608	45
Q92609	14
O60774	2
O75558	3
Q9BZJ0	11
O75886	14
O75884	34
P23219	11
O75881	19
O75880	53
Q9BSJ8	423
Q99986	19
Q9BSJ2	11
P17858	487
Q9H425	2
O75083	552
Q99497	1491
P14174	394
Q9NRG1	11
Q9NRG0	2
P54886	146
Q13137	1
Q13136	10
Q9NRG9	10
P52735	55
P52732	5
Q9Y4Z0	14
P61952	3
O43657	7
Q9UIS9	2
P61956	64
O95400	7
O94804	37
Q14642	1
Q14643	26
Q6P4A8	11
Q99456	36
P11182	207
Q99459	78
Q6P4A7	5
Q6QEF8	7
Q2TAZ0	3
Q9UF12	67
P40938	4
P40939	3629
P36915	21
P40937	7
Q9BWF3	33
P31943	596
P31942	153
A6ND91	247
P31947	308
P31946	900
Q8N1F7	107
P31949	198
P31948	417
P61601	31
P60604	9
P60602	25
P61604	1708
Q96MF7	1
Q5W0Z9	1
Q14914	1299
Q14919	1
P60953	434
Q9BQ49	2
Q9BQ48	2
Q12774	3
P22570	100
H0YK48	398
Q16644	11
Q16647	19
Q16643	19
Q9UPQ0	14
Q9UPQ7	1
Q9UPQ9	2
P09936	20
Q9H0C8	6
Q9BS26	319
Q9BPX3	20
Q9BX59	12
Q9BPX5	47
Q9NXB9	1
Q5TEJ8	12
Q9NQZ5	1
O75828	620
O75533	335
Q9Y6U3	29
Q8IWL3	9
P38159	334
Q9H6E5	1
Q9BRJ7	16
O75822	48
Q99683	3
Q96IZ6	1
Q96IZ0	44
Q06124	63
Q9BWW4	1
Q96HP8	1
P13761	36
P13760	40
Q6P1Q9	1
Q6Y1H2	96
Q9NRX4	66
Q6P1Q0	11
P78362	8
P78363	1
Q9NRX2	35
P27918	3
P05129	3
P05120	2
P05121	16
O00469	41
Q15349	24
O95182	63
O95183	8
O00461	84
Q9P2A4	4
O00462	16
Q15345	6
Q9BRR6	19
P45880	405
P03989	266
P08603	480
Q8N201	14
Q96SL4	24
O95989	21
P06733	8706
P18583	47
O95980	1
O95983	3
P43308	8
P06731	54
P43304	80
O15347	78
P43307	117
Q8N9N2	2
Q99848	14
Q8N9N8	2
Q99661	4
P18054	1
P62736	7711
Q9UH62	23
Q9UH65	42
Q96P70	85
Q14344	72
Q9BTD8	7
P21549	8526
O75964	258
P68400	78
P00450	720
P68402	86
Q96RE7	2
P00739	821
Q15833	70
P02686	1
P53611	12
P53618	456
Q14126	89
P10114	52
Q9UFB7	1
Q8TEX9	53
P49326	781
Q16878	8
P49321	106
Q9UGV2	3
Q16875	4
O75340	82
O75347	172
O75348	81
Q05655	22
P25685	49
H3BU80	30
P25686	4
Q8NFH5	33
P42167	285
P42166	244
Q9UDR5	489
P20839	21
P82909	45
Q96DB5	68
Q8NFH3	7
Q13361	4
Q13362	12
Q13363	57
Q86YS7	1
Q86YS6	81
P67812	69
Q9Y5Q9	6
Q9Y5Q8	3
P11532	30
Q0ZGT2	4
Q9BSQ5	2
Q16254	4
Q96FX2	2
O95613	10
Q9ULH1	3
Q9ULH0	1
O95619	2
Q9H6B4	3
Q96EL3	7
Q96EL2	4
P55769	65
Q13751	32
Q13753	12
Q60I27	1
Q9HA82	13
Q9BUK0	1
P31150	752
P83881	20
P31153	329
P48444	232
Q86V48	1
P48449	463
Q8WWP7	22
Q9Y2D4	6
Q9Y2D0	2
Q9Y2D2	5
P29218	34
M0QYT0	741
Q2Q1W2	4
Q5UCC4	6
Q01831	7
P62942	85
Q9BT67	1
Q9BVK6	184
P56589	6
Q92990	4
P51911	27
P07451	57
Q8NBX0	378
Q9Y383	94
Q8TBQ9	10
Q9NVA1	9
P57729	11
P57721	207
P04196	300
Q9BXR6	11
Q9BXR0	2
Q9H8Y5	8
Q9H8Y8	127
Q86UT6	16
Q5T0F9	6
Q9P1F3	41
Q6UXB4	17
Q9UJC5	26
Q8IX07	4
Q8IX04	2
Q8IX01	6
R4GN35	12
Q9Y6H1	46
Q00013	34
Q9BZH6	28
P08294	20
A0PJW6	1
Q6XR72	3
Q96A26	97
P01112	79
P01111	100
P01116	93
P54577	235
O75751	5
P68366	4129
Q5VW36	24
P68363	5385
P54578	188
P08473	25
P52758	2023
P61970	44
P61978	1490
P52757	4
P52756	4
Q96LJ7	311
O94822	14
Q9H4E7	8
O94826	257
O94829	2
O95425	27
Q8TD30	56
P48200	8
P04040	8636
Q6N043	2
Q8TCS8	67
P52292	31
Q9NWB6	2
P16050	1
Q16401	152
Q9UHI5	2
Q9UHI7	1
Q9H446	12
U3KPW6	17
O75794	1
P46977	237
Q9UNU6	186
P62917	187
P61626	65
O75791	2
Q6WKZ4	1
Q9UFN0	138
Q9Y484	2
Q8TBC4	28
Q12797	242
Q12794	1
Q12792	133
O94776	42
Q12791	3
P09913	5
Q96HV5	5
P09917	34
O00423	9
P09914	13
P62191	196
P62195	169
Q96B49	1
Q96B45	5
P51589	57
O00429	138
P30499	241
P30492	264
P30493	303
P30490	280
P30491	281
P30495	289
P49638	49
P61088	173
P61086	88
P61081	46
P85037	3
Q7Z3J2	57
O60487	3
H0YA47	26
O60488	379
Q9Y6W3	12
Q96IX5	157
Q8WTS6	4
Q6UX04	5
Q6UX06	10
Q6UX07	1
O00193	28
O00192	17
O00194	81
Q8NDZ4	1
P54646	34
O75962	2
Q9H0A8	15
Q03393	5
Q12899	5
O76062	86
Q96I36	3
P05109	331
Q96I34	1
Q9P2C4	1
O00330	20
Q96T23	8
O00339	4
O00338	4
P05106	59
P05107	76
Q96CE8	3
O95168	91
O95169	77
O95166	3
O95167	5
P06132	140
P06133	567
Q13948	8
O95163	64
Q9BRP1	1
Q9BRP4	4
P51636	3
Q9BRP8	162
P0C024	4
Q969Y2	1
P02652	181
P02655	67
P02654	37
P02656	272
P15880	315
Q96QC0	3
Q9H1E3	117
Q9H1E5	19
P53985	37
P29536	3
Q9Y241	72
Q99829	109
Q99828	5
P22310	715
P22314	1742
Q5SGD2	1
P27797	4244
Q14320	5
P24043	10
O43808	7
O43809	117
Q15811	58
Q15813	8
Q15814	4
P01303	7
O43759	5
Q15819	107
O43752	4
Q7KZN9	3
P53367	45
P53365	27
Q14498	163
Q9UGT4	14
Q8N4C8	4
Q96JY6	98
Q05639	4148
Q6P2E9	40
O75323	36
O00214	18
P82921	2
P20813	52
P20810	461
P20815	330
O95872	1
P63104	1327
Q13308	31
Q9Y5S9	100
Q9Y5S2	83
Q9Y5S1	2
Q9ULV4	149
Q9ULV0	2
P61165	4
P61160	274
P61163	158
Q9H9P8	36
Q9BZ67	1
Q9HCD5	64
Q8IWE2	131
Q15070	5
P05976	62
Q9P0Z9	395
P55039	23
P55036	122
Q6NXE6	3
Q08830	31
P16260	11
Q5T160	3
Q9BUI4	1
P62277	264
P62273	47
Q03701	5
P45984	18
P45985	16
P45983	13
Q9HB58	2
Q96JM3	3
Q6PI78	4
P09104	3373
P09105	5
P09455	140
P16671	78
P56211	11
P21796	1215
Q9BVI4	3
Q9NVG8	14
P02489	1
O14578	2
O14579	162
Q96P47	2
P49841	10
P49840	11
Q687X5	24
P58546	154
P49848	2
Q86UV5	1
Q9H173	2
Q9NVA2	160
Q86XZ4	1
Q9H8W4	3
Q10570	38
P20774	99
E9PLD3	4
Q9UQR0	2
Q9UQR1	1
P18463	305
Q5VT66	86
P43699	2
Q9Y508	7
P30453	214
O60739	63
Q9NPY3	7
P17813	16
P17812	38
O95394	161
O95396	13
Q86WA6	123
Q13177	131
P14136	126
Q9P287	21
Q9P289	42
Q96LD8	3
Q9UIW2	5
Q96LD4	2
Q6P4E1	5
Q629K1	1
P32189	75
Q99496	4
Q8TD55	28
P39656	470
Q6N069	16
Q86TX2	577
Q9H1X3	14
Q6N063	6
P39059	14
Q6RFH5	2
Q02083	26
Q8N1B4	26
P07947	32
Q6PIJ6	3
P07237	6993
P07942	112
Q5JS37	5
P16070	56
P53420	1
P25774	67
Q96KN1	6
Q14686	1
Q9UNW1	15
H3BN98	143
Q14683	204
P16383	7
Q7L3B6	3
Q8NB90	17
P11766	1605
Q8N3X1	3
O14802	4
Q9UPU5	39
Q9UPU7	3
Q96B26	8
P36406	16
P36405	56
P36404	23
P12036	34
D3YTE6	97
H0YIB2	922
O60934	4
P47914	124
Q9NXF1	4
Q9UBQ7	3946
Q9UBQ5	79
Q9UBQ0	97
Q15796	3
Q96CT7	22
P12236	587
Q8N5N7	8
Q07075	62
Q9NZT1	5
Q9NZT2	83
P61204	747
Q96S06	16
P61201	59
P13727	19
Q15262	6
Q9UJK0	1
H0Y8K0	6
Q8NDX5	2
Q8IUF8	1
P05162	2
P05160	3
P17900	19
P05166	398
P05164	330
P05165	556
Q9UL15	15
Q9P2E3	1
P55263	299
P55265	87
Q9UL12	967
P55268	123
Q96CG8	3
P61225	66
O95140	65
O95147	1
Q9NP66	1
P38117	953
Q9NP61	38
Q9H6Y2	3
Q6PJT7	21
Q7LBR1	8
Q58DX5	6
Q96NC0	3
Q9UKF6	15
Q16836	1867
P08727	584
O15382	20
P78329	360
P29558	5
Q9Y265	125
Q9Y263	92
Q9Y262	206
Q6NW29	5
Q5KU26	11
Q01518	826
Q13496	21
P09661	99
Q5VWJ9	6
O95471	1
P09669	71
P09668	68
Q6ZMJ2	1
Q9UNM6	170
Q86VM9	13
P00414	14
P21589	92
P02671	2160
O43823	8
P08648	115
O43826	69
P02679	1842
Q5THJ4	2
Q9BXL5	125
O43772	216
Q5TC84	1
O43776	149
Q92785	6
P10153	54
Q92786	11
P10155	87
Q92783	15
P46087	30
P46734	45
Q9Y3C4	6
Q9Y3C6	44
Q9Y3C1	9
Q9Y3C0	4
P35573	2053
Q71SY5	1
Q9Y3C8	26
P35575	21
Q99807	9
Q99805	69
Q99808	31
P42345	48
Q96JG6	10
Q9H074	19
O75306	154
Q8WUR7	1
Q13098	40
P14091	1
Q9BQS8	62
Q13094	11
H0YNP5	1401
Q5JPI9	1
Q13325	10
P23526	919
P23527	4605
Q96DN0	7
P23528	1676
O00488	1
Q9Y5U9	26
Q00839	803
Q9NRW3	11
Q9Y5U2	2
P98082	34
P19388	22
O43488	300
P19387	17
Q30134	79
Q9ULT8	60
Q15493	449
Q86Y46	139
O15541	2
Q8IZE3	2
P36873	212
P36871	3005
Q9NU22	29
Q9HCJ5	3
Q8NC51	270
Q8NC56	22
Q8NC54	2
P18440	4
Q6AI08	2
P43005	1
Q96EH3	2
Q8WXF7	4
Q8WXF1	58
Q9HC35	333
P22695	976
P22694	64
E9PGF5	187
A6NLP5	94
Q16740	58
P62258	1727
P62256	14
A6NKD9	2
P62253	11
Q9HB71	99
P07148	16938
Q6NXG1	4
Q96K21	5
P55010	105
Q9NSB2	95
P56270	9
Q9H2B4	29
P56277	4
H0Y494	14
P56279	8
Q9NVE7	40
Q9NVE5	1
J3KMX3	629
Q8NBT2	2
O14558	32
Q9Y320	13
O14556	107
P11686	6
Q9NSB8	1
P49863	3
Q9Y696	195
Q9Y697	24
Q9Y694	6
P35749	1385
Q86UX7	152
Q9NQA3	17
Q9C0C2	258
Q00587	3
Q9C0C9	56
P29966	406
P29972	10
O00767	15
O00764	185
O00762	4
O00763	282
Q9BZL4	31
P08253	1
Q9BZL1	7
Q08209	26
P0C7P0	8
O75531	69
O75530	2
O75821	100
O75534	112
Q00059	80
Q9Y6L6	101
P42685	6
Q9C0B0	2
O95807	1
Q96BD8	1
Q13158	6
Q8NFH8	5
Q13153	30
Q8NFH4	5
Q13151	123
Q13155	66
Q6ZS81	6
P52790	72
P62891	6
Q9UII2	59
Q96Q11	21
P62899	113
Q96Q15	5
Q96ES7	3
Q92844	3
Q92841	397
Q58FG1	345
P98164	12
P30531	2
Q05823	3
P98160	1361
P27169	313
P22102	248
P22105	541
P12829	80
P12821	48
P04049	13
Q9H444	42
O75795	298
Q9ULL4	2
O75792	5
Q9H910	34
D6REX3	583
Q9H1Z4	9
Q02750	80
P61457	139
Q53T59	36
Q5JS54	4
Q9UNQ2	2
P13073	238
P60660	581
P46940	985
Q6PGP7	93
Q9H4I3	1
Q9H4I2	1
Q9H4I9	2
O94788	157
O14828	40
P04433	43
P04430	2
P04439	247
P50238	4
Q5VZE5	7
O60315	1
Q13207	1
O60318	1
P30459	191
P30457	204
P30455	237
P30101	4274
P30450	210
Q9UBS8	4
Q9UBS3	121
Q9UBS4	117
Q06278	3738
P63313	120
Q52LG2	2
Q92974	24
Q96HQ2	1
Q14CZ8	5
O00159	385
O00154	16
Q9UJM8	1114
P61224	391
O00151	448
P61221	128
Q06187	6
Q9H0M0	3
Q13636	12
Q13637	71
Q8WTW3	24
Q13630	207
Q8IUD2	98
O00487	60
O00483	114
P05141	992
P52895	3115
H7BZG0	28
P55209	134
Q9BRT6	1
Q7Z4S6	10
Q9BRT2	3
Q9BRT3	8
O15013	2
Q6ZT21	1
Q9NSB4	38
P04233	71
Q567U6	41
Q9NP80	5
Q9NP81	71
Q3ZAQ7	6
P15848	10
Q9UKD2	8
P31415	3
Q96NA2	12
Q9BU23	43
A0M8Q6	664
Q6IA86	27
Q8N2U9	7
Q8N2U0	63
Q15758	12
Q08J23	61
P00439	618
Q6ZMH5	1
P35080	26
P68133	7796
O43847	82
Q66K14	31
Q8WVM7	22
Q8WVM0	4
Q9UER7	1
Q8WVM8	166
P01344	2
O75494	67
P35555	691
P35556	92
P35557	12
Q14185	30
P35221	766
Q6ZXV5	39
P35558	504
P10176	11
P18564	15
O60678	1
Q8TER5	8
Q9Y3A6	91
Q9Y3A5	74
Q9Y3A4	4
P23193	49
Q9Y3A0	1
Q3KQU3	5
O15239	5
Q7L5N7	6
Q7L5N1	38
Q96JE7	30
O75674	8
Q8IVM0	14
P52630	42
P23443	6
Q8IVM8	33
Q9BQQ3	3
O43715	10
O43719	37
Q96DH6	2
Q96D53	2
Q9NPB8	1
Q14728	3
Q6GMV3	26
Q6GMV2	3
P23508	6
Q14181	1
Q99759	4
Q99758	66
Q99757	25
P49427	2
P35222	438
Q7Z7M9	2
Q9ULR3	1
Q14186	1
Q8IWA0	1
Q8IWA4	13
Q8IWA5	16
Q9H9T3	12
P51884	507
Q16584	2
Q8WXD9	2
P33316	94
P16220	6
Q6DKK2	3
P22670	3
Q53H47	2
P04844	996
Q96KA5	38
Q16762	2373
Q9UK76	19
Q0VF96	99
Q9Y2B0	240
Q9NWU2	12
P47895	141
Q9NWU1	38
Q9BW30	15
Q9Y2B9	2
Q9HB90	14
Q5JVF3	2
O14618	43
A8CG34	1
P55072	1837
Q9P0V9	33
Q96K49	1
Q9P0V3	1
P56524	2
Q9H2D1	1
P51970	141
O14530	6
O14531	27
Q50LG9	1
Q6V1X1	1
Q9BYD6	28
Q9BYD3	15
Q9BYD2	7
Q9BYD1	22
P17174	2654
Q9BXX0	11
Q9Y4X1	170
Q9H8S9	35
P98179	44
P42898	6
P14854	190
Q9NQG1	3
Q5SW79	2
Q9NQG5	98
Q04917	514
Q6UXD5	4
Q93083	48
O00743	31
O00746	3
O00748	581
Q93088	6571
Q7Z3Q1	4
P09417	1006
P98172	3
Q9Y6N1	3
Q9Y6N7	2
P02730	926
P08236	233
P08238	4048
P23297	5
Q9Y547	8
Q1KMD3	190
O95825	1
Q96AZ6	7
Q15119	7
Q15118	9
Q6PK18	2
Q15111	3
Q15113	9
O15226	3
Q5VWQ0	1
O15229	134
O15228	25
Q5EBM0	3
Q9H0V9	17
Q8TF72	7
Q8TF71	1
Q8TF74	5
Q5K4L6	41
Q9UK41	21
Q9UK45	5
Q92688	187
Q6P9B9	1
Q92685	5
Q6P9B6	7
P27144	414
Q93062	11
Q96QZ7	7
P04062	16
P26368	111
P04066	48
Q8NFJ5	4
P54803	2
P54802	66
Q9H936	46
Q9H939	3
Q14532	51
Q14533	118
Q14534	41
Q9NWH9	49
P19022	116
O76015	36
P07902	122
P07900	4446
Q8N1N4	94
Q49B96	1
P49247	20
S4R3N1	1458
Q9UNS2	119
O94888	6
O94886	7
O94887	5
O94880	1
O14841	347
Q9NYR9	2
Q15392	252
Q15853	1
Q6NSJ0	5
Q15397	1
P58004	1
Q9UPY8	18
O75116	139
O75110	2
O75113	3
O75112	1
Q9UPY3	15
Q96G74	9
Q9UPY6	3
Q8NEZ2	8
Q8NEZ5	9
O60337	2
P33121	3599
O60333	9
O60331	2
P30479	256
Q9UBU6	6
Q9UBU9	18
P30475	301
P61024	5
P61026	218
P61020	91
P17342	2
Q9BQL6	12
Q8NG06	2
P12544	10
Q14CX7	11
O00170	32
P12273	2
P12270	433
P12277	78
K7EIG1	172
O00178	14
Q15287	23
Q15286	108
P55196	135
P61244	2
P61247	386
Q13618	100
Q13619	94
Q13610	7
Q13613	5
Q13614	2
Q13615	2
Q13616	89
Q13617	82
Q9NS15	3
Q96I51	6
Q96T88	11
Q96I59	16
Q0VDG4	10
O95104	14
A8MXV4	5
Q5XKE5	346
Q9HC36	5
P51690	126
Q5T447	18
Q5T440	44
Q9H6U8	9
O15031	100
Q9H6U6	1
Q9BRZ2	16
O15037	1
Q9NZP8	12
Q9NSD9	110
P38405	37
Q9UKB3	1
Q32P51	598
Q9P032	10
Q96EQ0	5
Q96ST3	8
Q96ST2	2
Q96QE2	1
Q9Y223	69
Q9Y221	1
Q12874	118
Q9Y227	1
Q12872	1
Q9Y224	77
Q63HQ2	9
Q9HBI6	242
Q9HBI1	30
Q9HBI0	9
Q00688	200
P60228	109
P04217	263
P04216	20
Q9BZE9	28
Q9BTL3	2
Q9BTL4	4
P09622	718
O43865	64
P46776	157
P46777	346
P46778	131
P46779	84
Q8NBM4	2
Q5T5U3	3
O75477	215
O75475	65
Q8NBM8	2
O60658	1
Q9NRA0	2
O60656	496
K7EQW8	20
P28715	5
Q96JC1	14
P08574	224
P08575	119
P08572	170
Q9H8L6	16
P08571	83
Q13057	123
O75616	2
P08579	30
Q6UB35	83
Q9ULR0	3
Q8N392	14
Q9BYX7	5547
Q9NPB0	2
P54619	116
Q9Y5Y5	4
Q9Y5Y7	5
Q9Y5Y0	1
Q00872	17
Q9Y5Y2	16
Q99733	201
Q99735	117
Q8IZA0	22
Q99653	18
Q7Z7K0	13
Q7Z7K6	34
P05997	9
Q9NZ52	3
Q86Y07	2
P82980	27
Q8TEB1	41
Q70UQ0	17
Q96C36	14
Q86SQ4	3
Q86SQ0	23
Q9NW81	3
Q6DKI1	2
Q9NW82	1
Q8NCR9	7
Q99879	4838
Q9NUY8	9
O14983	161
O14981	3
O14980	210
Q96KC8	21
P56962	3
Q9ULP9	24
Q16706	135
Q9BY77	28
P35475	1
Q9Y2L9	2
Q9NWW5	3
Q9NWW6	11
Q9Y2L5	7
P07108	638
P25440	2
Q9Y2L1	27
O14678	12
K7ELL7	737
P41743	5
Q8N8A6	1
O14672	24
Q8N8A2	16
P50579	167
P55058	5
Q9UNN8	3
Q9UNN5	13
P50570	178
Q9P0T7	2
Q8NBP5	2
B7Z8V7	527
Q5S007	67
Q9NQ29	33
O14519	1
Q9BYB0	1
P49821	179
P20472	4
Q6P587	111
Q03013	754
Q8WWH5	1
P23921	48
Q6P589	1
Q07954	861
Q07955	349
Q5T0N5	8
Q9NQE9	14
Q4KMP7	5
O60826	65
P11802	22
P20711	71
P01621	101
P01620	152
Q6R327	3
O75934	20
Q13868	10
Q13867	46
P57105	43
P17568	32
O95848	3
Q96AX2	52
Q96AX1	5
P24387	1
P24386	3
Q8TDX7	10
P43246	50
O15294	45
Q9UK22	5
Q9UK23	2
P83111	145
Q7RTP0	2
Q7RTP6	2
Q9H3H5	1
Q9H3H3	7
P07686	161
Q96EY8	196
Q4G0J3	21
Q92804	153
Q92805	6
Q02539	1168
E9PLY5	153
Q95604	156
Q6NXT1	2
Q8WYA6	27
Q8WYA0	3
P04003	217
Q14558	73
Q86TB9	6
P04004	268
Q96EY1	64
Q9H488	41
Q3YBM2	13
Q9NRM0	6
P54868	9774
Q96PD7	1
O43505	2
Q9UID3	24
Q6NZ63	1
O96008	43
O96009	58
O96000	97
Q9UHA4	29
O96005	70
O96007	11
Q9H4M9	212
Q53FA7	38
Q9H4M7	2
Q8N3R9	2
Q8N3R3	1
Q13263	310
P54289	9
Q13268	67
O75131	132
P04843	1307
Q9BWP8	2
Q02790	286
Q8TEM1	94
P61006	158
P53621	794
Q9UBW8	31
Q9UBW5	10
A8MSI8	1
P61009	47
Q96BY7	2
Q15738	163
Q96BY9	4
P40199	74
Q6P9H5	4
O15446	6
P54136	250
Q9H5Q4	9
Q9NYP7	15
P14550	1855
P14555	1
Q9BQJ4	2
O00115	10
F8WB96	1251
P17096	68
O43678	65
A4D1U4	1
P38646	3454
Q9NWU5	11
P30419	79
Q504Q3	3
O00534	16
Q96DT0	40
Q96CM8	192
P47897	341
P48507	65
Q6ZT62	14
P00505	4075
O15054	292
Q8WXS5	2
P48509	2
Q9BRX8	287
Q9NZN4	151
Q9NZN5	38
Q9NZN3	233
Q7Z4W1	5312
Q9BRX2	7
Q86WC4	1
Q9NZN8	4
Q15293	169
Q8N5D0	1
P37198	13
P12259	2
Q9P013	2
Q9P016	15
Q9P015	8
P56192	182
P56199	299
Q9HBK9	38
P59768	18
Q9P1Y6	1
Q9BU61	9
P07738	71
O95050	1
P07737	2042
P04271	2
P09601	159
P04275	49
P00966	6422
Q6IB77	753
O60518	28
O60516	1
Q9NTX5	162
P50552	84
Q9UKV5	8
Q8WVI0	1
Q9UNL2	64
P53814	2
P46020	8
Q9Y3E2	2
Q9Y3E1	30
Q9Y3E0	52
Q9Y3E7	5
Q9Y3E5	54
O75452	557
P14317	86
P14314	741
P35354	2
Q5T653	5
Q8WUX1	4
Q7Z6M4	3
Q8WUX2	1
Q7Z6M1	4
Q8WUX9	6
Q9H019	1
Q9Y4A5	36
Q13075	4
P20290	111
P20292	4
Q7KZF4	1138
Q0IIM8	7
O94925	31
O94927	1
O94923	1
O94929	23
Q14764	157
Q14767	6
Q14766	19
Q9NPD8	2
Q99717	2
Q99715	141
Q99714	1685
Q9NPD3	10
P14780	54
Q9NPD5	119
Q04637	326
Q8N661	3
P28845	426
O75431	33
Q8N668	12
P26992	1
P26447	51
P26440	532
Q9NZ32	16
E9PDT6	638
Q9HCL2	26
Q16543	145
Q16540	12
Q9H3S7	48
Q9H3S4	2
P26196	93
P11441	8
Q9BUQ8	33
P85299	1
O43314	19
O43315	26
O43312	13
O43310	5
Q5H8A4	1
O43318	1
Q53H82	96
Q96FV2	77
Q96FV9	23
Q969H4	1
Q9BY50	35
Q9BW71	8
Q9BW72	7
O14653	27
Q9NWQ8	4
Q6IAN0	46
O14657	5
O14656	26
P49593	41
P49591	278
P49590	34
Q96MW5	9
Q17RC7	35
Q7L1V2	1
Q9UNH7	108
Q8TBG4	4
P30622	105
P20908	14
P30626	84
P01817	1
Q8NHY2	1
P18577	1
Q9C0I1	6
Q9Y4X5	4
O00255	1
A6NHR9	64
Q96JP5	9
P01608	40
P01602	22
P01605	7
Q9H2H8	31
Q9H2H9	2
P08833	7
P57086	1
P02771	648
P02776	46
P02774	534
P02775	39
Q9HAT2	58
Q15155	272
Q15154	26
P17542	4
P17540	5
P34059	14
O95319	15
Q9UJ41	3
O95861	98
O95865	147
O95864	18
O15269	24
Q9H0R8	3
O15260	242
P35908	2439
Q9H0R6	4
O15264	9
Q9H0R4	51
P20592	20
Q7RTV0	16
Q7LGA3	4
P39019	228
Q9P206	2
Q8N6H7	53
Q68CK6	1323
Q9H3N1	54
P56385	108
Q92820	246
Q92823	4
Q92828	1
Q6ZW13	1
P00558	2394
Q9Y6B6	247
Q9BZF1	31
O75843	10
Q9Y587	2
Q9Y584	6
Q9BZF9	11
O75845	2
O75844	34
P05089	3232
O75694	81
A8MVZ9	476
P09012	36
Q9Y230	129
Q9H8M1	1
Q5VTR2	21
P12883	1020
P12882	370
P00734	187
Q9BYQ4	3
P00736	81
P35670	7
P00738	1997
Q14571	207
Q9H1P3	4
Q14573	45
P08493	1
P42025	86
Q5H9R7	22
P54840	347
A1L0T0	240
Q9UHG3	301
P41223	6
P41222	2
P41227	40
P41226	73
P49207	29
P46926	58
Q92530	53
Q8IZ83	99
Q92538	72
Q92539	3
Q9BQ61	37
P20336	63
P20337	59
Q70J99	42
Q02809	59
P20339	83
Q8N3P4	3
P11277	626
P11274	3
Q13247	111
O75150	26
O75153	169
O75152	5
Q13243	122
Q6P0N0	6
P11279	156
Q75N90	4
Q15717	133
Q15714	5
Q9Y548	1
Q96BW9	3
Q68CP9	1
Q96BW5	25
Q99504	2
Q8NB16	4
Q9Y6N5	361
P11055	510
Q8NB15	1
P18754	61
O15460	11
Q53TN4	10
Q9NYV4	9
Q9UJS0	1380
P61289	44
Q96IF1	4
P55157	1546
Q8IXB1	17
O95081	10
Q9BX93	35
Q9BX95	2
Q9BX97	3
P21266	121
A6NH11	5
P84103	211
P84101	2
Q460N5	78
Q96I99	1070
P31749	22
P31213	5
Q96N66	22
Q96N67	4
O15078	1
Q9H6Q4	10
P33527	13
O15075	6
A3KN83	2
Q86WA8	19
Q9HC78	6
Q9NZL4	20
P16435	1105
Q9NZL9	116
Q01970	24
P09327	338
Q7Z392	22
Q9HBM1	1
P0C0S8	3732
P0C0S5	980
O95822	115
P07711	39
P02545	3162
P29083	7
P29084	1
O00391	11
P13693	171
O00399	6
P49789	9
O95562	1
P04259	1382
Q3V6T2	19
Q86VE9	1
Q9NTZ6	4
P16885	48
Q9Y2U8	19
Q8TDX5	17
O60573	6
H0YEF7	89
A6NDU8	7
Q9UMS0	23
Q9UMS4	187
P35244	26
Q8IY26	4
O75436	79
O75438	11
O75439	69
P35249	18
P43034	110
Q9NVP1	40
Q9NVP2	3
Q5BKU9	4
P16284	69
O60610	311
O60613	46
P17931	77
P17936	2
Q99880	4845
Q5VWQ8	2
P01019	181
Q8N2S1	49
P01011	606
Q13011	1778
Q9H8H0	1
Q13017	4
Q9H8H3	978
Q13724	426
Q8WUZ0	2
O75380	66
O75381	35
O75382	1
P52655	3
Q9Y4G8	2
P52657	1
Q8IVG5	22
Q5MNZ9	1
Q9Y4G6	252
Q8N465	17
P53384	23
Q66K74	37
Q9NPF4	27
Q9NPF5	3
Q9BSE5	360
O94906	54
O94905	282
O94903	158
H0YAB3	281
O95273	1
Q8N684	32
P28827	1
P15428	92
P19474	12
P26640	391
P26641	874
Q16527	27
D6RBR1	7
Q9H3Q1	51
Q14746	24
P60709	23139
Q14032	397
Q14749	671
Q9HA47	1
Q9NUU6	1
Q9NUU7	102
Q6FI13	3844
Q96KG9	84
P49411	836
P49418	4
P49419	1482
Q7Z7G0	1
Q9Y2H1	2
Q9Y2H0	1
Q9NWS6	1
Q9NWS0	3
Q3SY00	1
Q9Y2H6	69
Q9BY32	26
Q9NWS8	21
C9JIZ6	360
P25205	107
Q9P0P8	6
Q3LXA3	3660
Q9P0P0	3
Q96MU7	1
Q6P6C2	1
Q9NVM9	5
Q9BYN8	3
Q9NVM1	9
Q9BYN0	6
Q9NQ66	4
Q2M3G4	12
O95747	74
P01833	39
P01834	4921
O95749	1
P21964	529
Q8NHW5	482
Q9BZE2	1
P05067	9
P05062	29344
P05060	1
Q9NQI0	11
O00273	12
Q9UBL3	8
Q6UXN9	13
Q13823	1
P03886	13
G3V4T6	328
Q13825	45
Q01804	1
Q5T013	31
P56545	6
Q9H2J4	4
O95336	304
Q9UQ13	5
Q15172	16
Q9UJ68	52
O15243	5
Q49AH0	9
O15247	61
O15245	20
Q12996	37
Q9NXS2	2
P29474	14
Q9Y619	95
Q9Y617	472
Q9Y613	23
Q08752	40
P32929	691
Q01105	229
P60201	2
Q9UIA9	145
P18669	1378
Q9UIA0	1
Q5U5X0	7
P00533	115
Q6RW13	7
P0C7H8	4
Q5VVQ6	1
Q969J3	2
Q9Y6D0	1
P02750	40
O43920	66
P02753	331
Q9Y6D9	15
P08708	268
P29692	322
Q9BZD2	1
P0DI81	1
Q93015	2
Q6EMK4	4
P35659	98
P35658	57
Q8NFP9	38
Q9H993	44
P27694	88
P27695	266
P41208	30
Q9UHE5	28
O76021	78
P23368	55
P52272	1009
Q9HAS0	1
Q9UEE9	1
Q8N386	1
Q5SY16	1
Q9H223	119
O75175	5
Q9H227	9
P51692	64
O75179	14
Q13228	2359
Q9BWT3	2
P11215	71
P11217	353
P11216	477
O00408	12
Q8N142	32
Q15771	52
Q15773	1
Q6UW78	3
Q8WUA2	10
Q9H814	2
Q8WUA7	1
Q8WUA4	2
Q99523	9
Q9H2P9	1
O15400	57
Q8NB37	21
O15405	2
Q5F1R6	10
Q96RR4	1
Q6PL18	10
Q4VC05	2
Q9NYT0	1
Q96DS6	1
Q7L4I2	12
Q9UJU6	215
P50416	296
Q9Y5B0	3
Q9Y5B6	8
Q9Y5B9	124
Q9NX08	5
P16188	242
P16189	181
P38606	242
Q9NX00	1
Q16881	125
P33897	30
Q8WZA9	50
Q8WZA0	20
Q9HD26	10
P62424	375
Q9HD20	35
Q9H6S3	107
Q9H6S0	4
O14756	542
Q96II8	2
Q9NZJ9	7
Q07507	11
P16452	98
Q9NZJ6	22
Q9NZJ7	25
P16455	76
Q86YZ3	33
P10586	44
Q9Y281	680
Q5T4S7	218
Q9Y282	8
Q9Y285	128
Q9Y287	1
Q9Y286	3
Q9Y289	10
E9PAM4	22
Q9ULG6	1
P83436	14
Q96C10	1
Q96C11	63
Q96C19	100
Q5T200	9
Q9Y2W1	110
O60551	19
Q8TDZ2	17
Q9Y2W6	5
Q9P0M9	4
Q9P0M6	114
Q6NXR4	1
Q9P0M2	3
Q9Y426	2
Q5GFL6	8
Q9Y3I1	21
Q9Y3I0	182
Q5VU43	5
O75410	17
Q9NVV4	9
Q5T2E6	3
O00515	89
Q6DN90	22
O00519	7
Q8N2M8	1
Q96S19	16
O95292	206
O95294	1
O95295	17
O95297	1
O95298	31
O95299	103
P01033	1
P01034	3
P08514	79
Q9Y4E6	1
Q8TCD5	24
P08047	4
Q8TCD1	2
Q9H501	8
Q6YHK3	4
Q9Y4E8	142
P08519	59
P01912	83
Q8TE77	12
Q8TE73	2
Q8N339	899
Q8N335	27
Q8N442	1
Q9P1Y5	11
O43504	34
Q9BYG5	1
P46063	70
P46060	120
P42765	13709
P42766	80
Q9NPH2	47
P42768	9
Q9NPH0	3
Q8TC12	225
E9PFJ4	4
P18124	357
Q9UI15	24
Q9UI14	7
Q9UI17	963
Q9UI10	45
Q9UI12	35
P24666	149
Q8WV22	1
Q9HCP0	8
O43681	38
Q6NUN0	117
O43684	100
Q68CR1	7
P22792	15
Q4G0S7	1
Q14019	97
P60763	182
Q14012	19
Q14011	58
P19237	6
P19235	3
Q9HA65	25
Q9HA64	27
O14929	35
Q9GZS3	53
O14925	10
O14920	16
Q8N7W2	32
Q9ULZ3	45
Q9P2R3	101
Q96FJ2	80
Q7Z7E8	1
O60234	28
O60232	30
O60231	13
Q9P2R7	119
Q9Y2J8	5
P80297	1399
P80294	836
P47813	42
Q96MS3	1
Q8N1Q1	4
Q9UHX3	1
Q15691	150
P35625	2
P11150	23
Q8TBC3	1
P22894	13
P22897	326
Q63HN8	473
Q15526	15
P25325	1136
P49888	151
O95760	2
P01859	1981
Q13596	108
Q13595	25
P13807	38
P13804	2378
Q5TDH0	103
Q9UBN7	96
Q96BN2	1
P62714	117
Q9NPA8	7
O00217	77
Q96BN8	10
P48681	35
Q9NV35	5
Q9NV31	4
Q9NQ48	17
O95352	37
P18465	259
P18464	283
Q9UQ35	109
Q9UJ83	62
P18462	204
Q6EEV4	2
Q86UB9	12
Q9BV68	3
Q9Y639	25
Q9NXU5	3
Q12979	9
Q12974	8
Q12972	23
P29323	4
P62837	40
P62834	347
P25815	13
Q04446	364
Q9UIC8	4
Q56VL3	94
P09234	27
P04350	5115
Q969H8	160
Q9BZZ2	35
J3KNL6	104
P08729	562
P02008	994
Q8TAC1	5
Q8TAC2	1
Q9UKY1	5
Q9UKY7	88
Q96QR8	24
Q9GZN8	3
P43487	64
Q07866	16
Q9NRW7	17
Q9NRW1	89
Q6P1L8	4
P32942	5
P42574	24
O75995	4
Q92572	28
P02462	96
Q92576	2
O43790	127
Q92575	60
Q9HAU5	5
O75054	2
P08185	18
P08183	49
O75764	12
Q5JSH3	39
Q96HD9	29
Q9UPA5	3
Q9UPN3	678
Q13201	17
Q13200	428
Q5T0D9	5
Q13206	1
Q6UWW8	20
O75191	125
O75190	4
O75192	12
Q86WV6	15
P11233	59
P63000	291
P11234	62
Q8N163	170
P07988	43
Q96BS2	13
Q08AM6	59
Q15751	10
Q15750	14
O15427	8
Q9NYJ1	22
Q99541	121
Q9NYJ8	5
Q96RP9	137
Q03001	143
P21953	126
P07327	36944
Q9NX20	2
Q02153	6
Q9NX24	10
P13498	27
Q9BRB3	2
Q03154	1089
P13497	1
Q9NZH6	3
Q8NI60	45
Q14802	1
J3KN10	47
Q14807	2
Q8N5Z0	79
O14772	2
O14773	755
O14776	48
Q9UJW0	18
Q15283	9
P50479	8
O95049	14
P56134	89
Q9BU89	3
Q9NUN5	5
Q8NCI6	2
Q9BR76	124
Q658Y4	19
Q96CW1	105
Q9ULE0	10
Q3B726	1
Q9ULE6	6
P04626	15
Q9BTT0	65
Q9BTT6	6
Q71U36	4460
E7ERH1	46
Q9Y2Q9	8
O60828	11
P30038	4238
P30039	943
O60825	6
Q9Y2Q5	20
P17706	2
Q96PD5	32
Q8N8V2	4
P18858	15
P18859	241
Q96EY4	2
Q96EY5	1
Q96EY7	34
P13639	3003
Q6NXT4	2
Q9P0K7	59
Q6NXT6	13
Q6IQ22	68
P78417	886
Q9NVT9	4
Q8IY67	14
P28799	47
Q2M389	76
Q15036	18
P55809	24
Q15035	2
O00533	1
Q15031	25
O15164	1
P35610	2
O15162	9
O15160	8
Q8TCF1	2
Q9Y4K4	1
Q6IPR1	4
Q9Y4K3	1
Q8IYI6	29
Q9Y4K1	5
B8A597	1
P50613	2
P62993	60
P62995	106
P0DJI9	45
P0DJI8	62
Q92743	1
Q92747	49
Q86U28	8
Q92968	3
Q99956	49
O76094	170
Q9NPJ3	176
Q04656	8
Q9UI32	77
Q9UI30	24
Q01449	2
Q6UWP7	12
Q7L5D6	9
Q96JK2	1
Q6UWP2	9
Q8TBZ3	1
O75691	7
Q14258	147
Q7Z6K5	15
O75695	18
Q14254	149
Q14257	29
P27338	972
Q8IU81	5
Q8IU85	8
Q68CP4	1
B1APQ0	28
Q9H3U5	3
S4R435	235
P49189	942
Q6UUV9	1
O14907	10
Q9NUQ8	16
Q9NUQ9	81
Q9NUQ6	55
Q9NUQ7	37
Q9NUQ2	13
O14908	5
Q9GZQ3	14
Q16787	19
P15090	24
O75037	2
P49458	47
Q9ULX3	3
Q7Z7C8	1
I3L4M2	1439
Q9ULX7	13
Q9ULX6	7
P49454	2
Q86Y82	40
O60216	30
O60218	138
Q8N1S5	28
P42229	57
Q9UNF1	22
Q9UNF0	82
Q7Z2W4	73
Q7Z2W9	10
Q13418	105
P11172	72
Q53QV2	1
P14415	5
P11177	163
P63218	35
P80370	4
P20962	582
P01876	718
P01877	459
P01871	362
Q8NHS3	1
H0Y9H7	152
Q13576	2247
Q13573	24
Q13572	4
Q8NE71	143
Q9BWM7	63
Q3MIX3	1
O00231	269
O00232	124
O00233	67
P05026	120
Q9P035	199
P01911	61
P48668	751
Q8TBA6	36
Q9BYJ9	15
Q96AP7	5
P31040	1717
P31512	32
P31513	1018
O95379	4
O95373	200
O95372	66
O95377	1
Q9BV40	26
Q9BV44	13
Q9Y657	1
Q86UD5	2
Q9C073	1
Q9C075	4
Q9NXW2	11
Q12955	37
P62851	181
P18621	337
P62854	83
P62857	125
Q9P265	20
Q96CV9	27
Q9P260	5
Q92882	57
Q969N2	4
Q92887	61
P09210	10918
P09211	956
Q92888	38
Q92889	429
P51808	4
P51809	9
A6NC98	6
Q9Y6X5	3
Q9Y6X4	13
Q9BZX2	4
Q9Y6X8	2
Q5JRX3	167
P02790	509
Q3SXM5	5
P02792	5090
P02794	1015
P02795	1478
P04083	545
P04080	324
O95954	5034
Q9GZL7	13
P46459	200
P01266	3
P35612	40
P35611	189
Q29836	302
P0C870	3
O76095	1
Q6P1N9	23
Q6P1N0	31
Q8NFT2	7
P32969	253
Q5JTV8	76
Q8N9N7	10
Q92556	35
Q92552	31
Q9BU02	2
P23327	1
O75208	72
Q5T7N3	5
Q9HAW9	430
P30837	736
P28161	223
Q09666	3261
Q7LBC6	4
Q9H267	17
Q14444	89
Q8WU67	5
Q14449	4
P25490	5
Q9H269	26
P63027	69
P14625	5661
P14621	17
Q9Y3P9	28
Q9UH92	2
O43583	97
Q9UH99	65
O95571	97
O95573	182
Q8WUM4	551
Q8WUM0	55
Q99567	31
Q9BQB6	27
Q99569	13
Q96RN5	3
Q9NYH9	3
P22059	144
Q5K651	22
Q9UG63	8
P08754	173
Q5TCH4	291
P33765	1
P33764	4
Q8IXH7	3
Q9NX40	109
Q9NX46	35
Q9NX47	19
P07305	410
P07306	140
P07307	38
Q49A26	18
Q86WK9	1
P10635	224
P10632	479
Q6P996	139
Q14CN4	62
B4DQR7	1
P15289	52
Q01995	274
P62081	408
Q96F85	44
Q96F86	1
P50454	374
Q9UJY4	5
Q9UJY5	6
Q96A32	17
Q96A33	123
P50452	36
P50453	90
Q8NF37	47
Q9NUL7	1
Q9NUL5	18
Q9NUL3	10
Q96F25	3
Q9ULC3	1
P34931	1442
Q96C57	2
Q9ULC4	63
P34932	465
P51149	351
P51148	154
Q9Y2S6	5
Q9Y2S7	52
Q9Y2S2	527
O60841	138
P30050	449
P11940	521
Q9UMY1	1
Q9P0I2	19
P55795	336
Q86W42	16
P13612	14
P13611	78
Q9NVS9	470
Q9NVZ3	29
Q96BQ5	2
P20160	32
Q15018	15
Q15019	246
Q96S59	4
Q96S52	20
Q15011	1
Q7L0Y3	37
Q96S55	6
Q9BTV4	63
P45974	344
O15143	132
O15144	246
O15145	146
P45973	22
Q8IVY1	4
Q76FK4	2
P21741	3
Q92769	51
Q86U42	52
Q92945	465
Q92766	3
Q86U44	7
Q92764	101
C9JNU9	3
Q99798	1414
P32754	1568
P30510	227
Q99797	18
Q02413	3
Q9P107	3
Q9H9A5	3
Q01469	88
Q6PCE3	14
P10398	24
Q96JI7	3
Q9H098	24
P16930	1421
O43172	31
Q7Z4H8	12
Q15904	2
O43175	1537
Q5T6J7	18
A6NN80	3088
Q6ZWL3	8
Q8WY91	3
Q9BSC4	3
Q9HCU0	1
Q9NPL8	26
O14964	33
O14967	50
O14966	20
O43396	165
O43395	9
O43390	311
Q2TAA2	29
Q2TAA5	7
P09874	317
P09871	119
P11388	69
Q96FN4	15
O60271	87
Q8IWU2	1
P26006	35
A6NIH7	3
Q6PIU2	38
Q8WXX5	57
Q15654	27
Q15653	1
Q15650	2
Q15651	41
Q13433	1
Q13435	221
Q13438	42
Q13439	91
P23634	138
O95497	31
P63279	62
Q6DD87	2
P63272	1
Q6DD88	131
P11117	50
Q92879	37
Q13557	136
Q13554	51
O95721	55
Q969G3	19
P01892	214
Q96GD0	70
P01891	221
P36980	20
Q9NWY4	4
A0PJX8	6
Q3SY69	545
P37059	307
Q6PD62	7
P50151	7
Q9UQB8	21
Q96BJ8	4
Q13885	5324
Q13884	259
P33240	26
P33241	54
Q96BJ3	12
Q9NQ84	6
P48643	420
P51790	1
Q9NQ88	20
Q9NV70	18
Q7L211	3
Q5VYY1	3
P18428	47
Q12933	2
Q12931	658
Q9Y678	512
Q9Y679	16
Q9NQS1	3
Q9BV23	23
Q9Y676	19
Q9Y673	45
Q9UBB6	10
Q9UBB5	2
Q9UBB4	46
Q9Y4C2	11
Q9UBB9	10
P62879	286
P62873	244
Q9UIG0	15
P62877	12
P62875	3
Q96CX2	117
Q969L2	9
P02042	23765
Q8TAG9	15
Q5R372	3
Q14527	1
Q9TNN7	213
P46439	384
P11168	418
Q9H1H9	20
P14406	112
Q8WYK0	25
Q5VV41	1
P27986	22
P27635	231
Q07820	4
Q9NRS6	1
A5YM69	1
O75223	86
Q9NTM9	10
Q5JSL3	10
Q9UKU7	26
P06213	28
Q96QV6	2898
Q8TB72	3
P14649	123
Q9UL63	1
Q8N122	7
P32322	13
P32320	31
P32321	22
Q8N128	2
Q8N129	9
P05546	47
O43731	9
P26583	360
O00472	1
B7Z468	454
Q86X29	28
Q99584	32
P25311	135
Q969T3	1
Q96RL7	44
A6NJ78	4
Q96HH6	3
O00559	2
P60468	104
P82663	9
P11586	4171
Q8NDH3	14
Q8IXJ6	14
P38919	209
P21912	306
Q9NX61	7
Q9NX62	8
Q9NX63	114
Q16352	45
P62318	55
P62316	146
P62314	88
P62312	19
P62310	27
P61758	33
Q9HD45	34
Q5T6W5	1486
Q9HD40	22
Q14849	3
Q9HD42	8
Q14847	322
Q8NI22	292
O14734	17
O14735	26
O14737	53
O14732	7
P07910	835
Q9NZD2	24
O95716	76
Q9NZD4	103
Q9BSA9	9
P40394	57
Q66GS9	4
Q14684	6
Q9NR45	205
Q9NR46	15
Q8NF50	14
Q8NCM8	6
Q9HBU6	1
P84098	132
Q6IA69	25
P01137	1
Q9NUJ1	162
P84090	119
P84095	147
Q96A35	14
Q9ULA0	192
P34910	1
Q96KP4	1231
Q96KP1	30
P13987	93
P13984	2
O60869	55
Q8IWS0	6
Q96EE3	25
Q6PD74	1
Q04837	130
P08910	4
P13671	44
P13674	62
P52306	48
P02458	39
Q9NVX0	2
Q9NVX2	2
P02452	1380
O00571	304
Q8N2K0	7
Q15075	401
P17600	2
G3V1K3	241
O95239	4
O95236	2
Q9UM00	232
O95232	31
Q9UM07	10
Q71RC2	21
Q9H7E9	1
Q6L8Q7	46
Q9BTX7	10
O15120	22
P45954	3100
O15126	18
O15127	32
Q9BTX1	3
P32519	1
Q9Y4P1	10
Q8N357	6
Q8WVC0	3
Q8WVC6	35
P24539	601
Q9Y336	3
Q9Y446	10
Q9Y333	62
Q08477	271
Q9H2U1	14
Q92922	35
Q92925	18
Q9NXD2	5
Q8N4Q0	35
Q8N4Q1	25
Q04695	229
Q9UGJ1	3
P00326	24268
P00325	54569
R4GMX3	29
P35790	1
Q8NGI1	7
Q8IYM9	6
Q9BXI6	2
Q9HCN4	1
Q92604	12
O43159	6
O43156	2
O43157	23
Q709F0	296
P86790	8
P46379	69
P42704	981
O60783	9
O60784	113
O14949	47
Q9GZU7	5
A6NKT7	32
Q9GZU8	5
Q96FL8	2
Q86TS9	1
O60256	46
Q13185	111
Q13188	14
Q5H9J7	3
Q9H9B4	447
Q6P158	3
Q9H9B1	2
Q8IWW8	118
Q9ULC5	475
Q8IWW6	2
Q9BZJ3	66
P26022	1
P61326	64
Q96MM6	1
Q9UHR5	8
Q9UHR4	5
Q9UHR6	1
O75554	3
P98194	13
P98196	19
A0JNW5	6
P23610	3
Q13451	126
Q5VT25	10
Q96P63	2
Q15582	194
Q96GF1	2
P13861	220
P11245	5
P48729	19
P48728	94
P48723	18
P31937	974
Q6PIW4	7
P31930	597
P31939	448
Q7Z3C6	10
Q96BH1	1
Q6UXV4	50
P33260	109
P33261	341
Q5TGY1	2
Q9BYV7	46
Q9BYV1	80
Q9NV56	1
Q14980	486
P19838	28
Q8TBM8	2
P12111	3602
P12110	542
P30685	292
Q8TBM7	4
Q96AT9	20
Q96AT1	3
Q9UQ90	21
Q9H0X4	9
Q86W92	11
Q9C035	4
Q14353	290
Q12912	1
Q12913	15
E9PK89	8
P19256	1
P00441	10667
P03915	44
Q969R2	12
Q969R8	1
H0Y858	61
Q9NXH8	1
J3KNF8	176
P49642	2
Q147X3	6
Q86WR0	8
Q7Z4F1	1
Q8TAE8	9
P07585	190
Q8TAE7	1
Q6PKC3	3
Q9H1J1	1
Q9NRQ2	7
Q6P1J9	14
Q5M775	1
P20645	42
Q562E7	20
E7ETM5	6
Q6NZI2	128
Q9P2J5	222
E5RI56	54
P28340	21
Q92598	163
Q92599	56
Q7Z5L9	18
Q86VP6	743
Q92597	99
P08697	59
P30876	70
P08123	716
Q13131	132
Q9UKS6	90
Q8N0X7	5
Q8N0X4	271
P01781	11
Q9Y3T9	6
P67775	117
Q8TEA8	7
Q99618	1
Q8TEA1	5
Q99615	42
Q8TEA7	1
Q99613	278
Q99611	102
Q6PI48	23
P51812	81
Q15269	1
O15484	28
O15488	40
Q14139	82
Q8IV08	75
Q9NYL5	7
Q9NYL4	31
Q9NYL9	145
Q14156	21
Q96HJ9	9
Q14406	6
Q14152	467
Q14151	100
Q8WVX3	1
P21281	156
Q9Y5J9	16
P21283	43
Q8TAF3	7
P36021	25
Q9Y5J1	12
Q9Y5J5	1
Q9Y5J6	2
Q9Y5J7	30
P16109	4
P19338	861
P19623	34
P16104	3591
P04921	11
P04920	4
Q96JP2	1
P62330	122
P62333	166
H7C417	174
A5D8V6	3
Q96DV4	8
P40616	51
Q9NZB2	150
Q9NZB8	3
Q9UDY4	15
Q9UDY6	8
Q9UDY2	160
Q96A72	66
P36537	418
Q86YT5	25
Q8IXL6	1
Q8IXL7	1
P30273	20
Q9NR28	92
E9PAU2	15
Q53EL6	60
Q96KR6	8
Q96KR1	51
Q5SU54	13
Q9UFW8	3
Q8TD16	2
Q9P2W9	12
A3KMH1	206
P13473	66
P49720	198
P49721	197
B7ZAQ6	20
Q96C90	17
Q9H6K1	1
P60866	112
Q9H6K4	6
Q03135	75
Q06323	915
O60888	81
O60885	11
O60884	83
P50583	21
Q96EC8	3
P06753	411
P06756	109
Q9H4G4	43
Q9BUB7	25
Q8WXB1	1
Q86SF2	19
Q8TD19	64
Q96H20	16
Q7Z6Z7	289
Q15059	10
Q9UM22	5
Q96S99	3
Q15054	2
Q96S97	11
Q15057	18
Q15050	13
Q15052	5
O00592	2
O95218	18
O95219	32
O95210	156
Q9H7C9	11
Q8WWW0	1
Q9BTZ2	232
Q5T280	3
O95985	1
Q93052	237
Q93050	43
P31327	65691
P62937	2017
P31323	33
P31321	11
Q9H857	3
Q92900	147
Q9H2W6	40
Q92905	40
Q86U86	6
Q9Y316	33
Q9Y315	63
Q9Y314	5
Q9Y312	4
Q9BVS5	1
Q9Y385	1
P43897	71
P09758	4
Q9Y6W5	29
Q9H583	13
Q8IYS2	4
Q8IYS1	1
Q14232	47
H7C4R4	41
Q6P2Q9	374
Q9BXK1	1
P08590	57
Q9BXK5	60
P53582	42
Q15942	231
Q68CZ2	75
Q5EG05	9
Q5EB52	2
Q92673	33
Q9NPP4	3
P35442	9
O75586	1
Q99933	1
Q8TC92	2
P20073	185
Q9H6V9	8
P17152	19
Q8WYP5	12
Q92947	246
O75052	3
Q6P179	60
Q9H2S1	6
Q14896	28
Q96MK3	1
P26045	2
Q9H4B7	664
P54725	79
O95456	17
O95453	2
O95450	40
Q99424	580
Q99426	47
P42858	59
Q9HAN9	8
Q9UHK6	73
Q02410	4
Q2T9J0	9
Q13510	253
P48740	5
Q9UHP3	2
P80748	27
Q96PU8	25
P80217	37
P36543	91
P34896	1775
P34897	716
Q9BQ95	1
Q96EP0	2
Q9BYT8	87
Q16637	1
Q16630	84
P09960	495
Q9H0F6	1
Q7Z434	143
P13224	7
P47985	227
P47989	434
O00291	51
Q9UBF2	133
O00299	388
Q9UBF6	16
P51648	560
P51649	653
O60437	370
Q6IC98	14
E7EQ69	37
P25098	11
P49916	15
P49915	123
P49914	136
P49913	11
Q96IW7	2
P0C0L5	1311
P0C0L4	1288
P35858	19
Q15836	79
Q00653	8
Q10469	3
P05198	216
Q01658	2
Q01650	2
P08107	2034
P00488	197
P23381	231
Q66PJ3	20
Q15907	230
O75915	79
P00480	1175
O75911	35
Q9NTI5	64
Q96SI9	39
Q8N257	4487
P02810	4
P43405	13
Q9H6A0	2
Q13283	191
Q8NEJ9	2
Q9H2F3	18
Q13287	17
Q9Y3Z3	221
Q99638	2
Q8N9Q2	1
Q69YQ0	1
O00411	2
Q8TB36	1
Q8TB37	33
P62745	57
Q8WX93	24
Q8WX92	8
Q14397	37
Q86VR2	23
Q8IV63	1
P22033	832
O43292	4
O43290	64
Q9NYB9	6
O43294	13
Q9NYB0	18
P00156	13
Q9UPI3	2
Q8IUR0	7
Q8IUR7	15
Q96M27	37
P15153	183
P15151	8
P49354	41
P49356	6
Q7L5Y1	34
Q16822	3880
Q6UWM9	171
Q8WUK0	3
Q9HD89	15
Q9UDW1	47
Q96DE0	75
Q96A57	2
P36551	155
Q9Y5L0	34
Q9Y5L4	105
Q8N7H5	9
Q9BPX6	3
P30520	41
P49748	1522
Q01955	1
Q15428	48
Q15424	137
Q15427	29
Q9UQV4	2
Q8ND71	6
Q8IWL1	21
Q9HCC0	438
Q9BRJ6	8
Q9H6E4	8
P11678	35
Q9BRJ2	7
P60842	571
Q8N8N7	33
Q8TDD1	9
P06732	44
P55081	16
P06730	42
P55083	17
P55084	1592
P06737	2137
P55735	181
O00602	2
Q6ZR64	7
O43399	131
Q8NCA5	22
Q9HBY8	7
Q9NQZ2	2
Q9NR09	13
Q8NCA9	1
Q8NF91	72
P57772	81
Q9H0T7	12
Q8N2G8	19
Q9BYR8	1
O95278	1
P55884	243
Q8N2G6	1
Q8NHH9	24
Q99571	7
Q9Y2Y0	3
Q9Y2Y8	7
Q93074	1
P28068	6
Q93077	3483
P28066	206
P28067	3
P28065	30
P62910	145
P62913	287
Q03518	27
Q03519	21
Q9Y487	9
Q9Y485	3
Q9H832	10
P10253	334
P02144	82
Q00796	5686
Q9Y371	24
Q9Y375	3
Q9Y376	47
P15976	2
Q96AM1	2
Q96FN9	1
Q8NCE2	3
Q8IYQ7	143
P00367	9234
P00813	9
Q8IVS8	88
Q9NZD8	6
Q8NBL1	2
Q8IVS2	12
P35219	1
Q9Y3D3	6
Q3ZCM7	2343
O60749	181
P23246	1179
Q9GZY8	8
Q8WZ82	3
P82094	9
Q8TEQ8	2
Q8IZQ5	13
Q9H307	40
Q330K2	3
P52701	35
P11310	1090
O43663	1
O43660	25
P61923	169
P61927	3
Q5NDL2	1
P10809	13133
P40818	12
Q15637	96
Q15631	123
Q15633	8
O95478	2
O95479	603
O95470	58
P54709	17
Q13492	174
O95477	9
P32119	2692
A6NCS6	38
O95782	293
Q6ZNB7	17
Q6ZNB6	3
O95786	40
O95785	1
P50281	1
P36969	132
Q9BWE0	4
Q9NY27	9
P19784	38
Q9UHV9	50
P33992	68
P33993	111
P33991	88
Q06828	8
Q15208	3
Q9NV96	40
Q8WUY1	66
P60981	158
P60983	61
Q9BQ70	6
P41567	98
O14896	5
P22830	193
Q9BYR7	3
P61586	327
P50750	12
Q16611	2
Q9H0D6	44
Q5TCU3	437
Q7Z417	15
Q92482	1
Q9UBX5	12
Q9UBX1	4
Q14C86	50
Q9UBX3	255
P50135	254
Q5TEU4	1
Q5D862	13
O95490	5
P51888	197
P51665	136
P03951	2
P03950	5
Q9NSK0	53
Q9H8M7	1
P23497	49
Q96IU4	607
Q08AF3	30
P27824	1962
O75607	8
Q9NRX5	11
Q6PKG0	55
Q5VYS8	1
P83916	31
P24298	496
Q8IZ21	5
E7ETA6	27
O76011	72
O76013	49
Q15393	347
Q9P2N5	4
Q15390	1
Q96T51	52
P01772	17
O00418	1
Q15398	2
Q96T58	1
G3V599	145
Q5XKP0	7
Q13938	9
Q9NTK5	167
Q08357	4
P60510	38
P06276	31
Q96SK2	7
Q31612	186
P46100	1
P46109	79
P46108	91
Q99877	4840
P42338	3
Q9Y3X0	17
P42330	2139
P42331	5
Q8N183	28
P28290	36
Q96P44	8
Q96P48	22
P09382	439
P62760	66
O75937	39
O75936	86
O75935	25
Q4KWH8	2
Q14376	281
P43686	176
Q9BTA9	2
Q02241	7
Q8IV48	1
P27216	19
Q6JQN1	15
Q5SYE7	1
O43272	2
Q7Z4I7	39
P04732	967
P04733	86
P41240	30
S4R359	305
Q8WVT3	12
Q96HN2	72
P01893	167
Q14118	43
Q14112	65
Q14116	8
Q14117	853
Q14114	5
P16144	5
P57735	14
Q8N4H5	5
P07384	455
O43414	2
Q1ED39	2
O14795	4
Q6PML9	5
Q9NSV4	1
P82970	40
P20849	1
Q9NPC6	1
P82979	65
A4D1E9	4
Q9H871	2
Q96DG6	425
P36578	437
P14770	2
P63173	80
P63172	10
Q9Y5N5	2
Q9BST9	4
Q86YP4	7
P30508	228
P20591	52
P30501	218
P49768	2
Q9ULK4	18
Q15404	82
P50440	2704
P13929	4573
P13928	1
Q6ZRY4	2
I3L2B0	166
A2RUC4	1
Q8ND56	5
Q9UJX2	3
O00625	36
O00629	44
P40227	423
P40222	50
Q0VD83	3
P59665	161
P84077	761
Q9NUD5	6
P84074	35
Q8NCG7	1
Q9BUF5	2573
Q9BUF7	1
Q69YN2	13
Q69YN4	2
Q06587	4
O95255	256
Q96GY0	1
O95251	3
Q9BW85	2
Q9HB07	18
Q9BW83	30
Q00403	10
Q9UKJ3	2
P38571	13
P38570	4
D6RC54	79
Q9Y4W6	209
P62979	1790
Q04323	32
P10275	6
Q13888	1
A0AVT1	158
Q6WCQ1	23
Q9BVL2	4
Q9BVL4	61
Q9BT30	3
Q96AC1	244
P10319	261
Q6ZVX9	6
A0AV96	31
P10316	229
P10314	193
P35247	3
Q9BXW7	57
Q9H1C4	8
Q9H1C7	1
K7EJH8	646
O75891	4675
P78560	8
O75897	18
Q92636	1
P23229	40
O60760	7
Q8IWB7	16
O60762	74
O60763	603
P20039	78
Q15185	132
Q15181	402
P17844	271
P20036	20
Q86TU7	10
Q96FF7	12
Q2TAY7	24
Q5TA50	6
Q8NFC6	5
Q13126	91
Q9H9H4	3
Q13123	29
Q9NRF8	33
Q9NRF9	15
Q53GL7	3
Q562R1	3668
Q9BZK3	61
Q641Q2	74
Q9UNX3	80
Q9UNX4	8
P54098	1
Q95365	299
P54760	13
Q9HAB8	34
Q99460	344
Q9Y2R4	1
Q99467	3
P26885	188
A6NI72	4
P40763	227
P48788	1
Q70E73	25
P24821	234
Q6UN15	34
P16083	228
P62491	188
P61619	165
P62495	64
Q14966	18
P36639	6
P16333	6
Q9BQ52	21
Q16186	41
P62140	231
Q16181	269
P12429	102
Q96B97	20
Q9UPR3	1
Q96HS1	53
Q16676	2
Q9BX46	9
Q7Z478	39
Q9BX40	3
Q9H0B3	2
Q6YN16	529
Q9BV29	1
Q9NXA8	69
Q29974	59
Q9C099	3
P25106	2
Q7L523	12
Q08380	87
Q9BV20	21
Q96D71	3
Q96BY6	10
Q9BZV2	9
Q02928	494
Q9BZV1	7
Q7Z4H3	8
P51606	20
Q7Z4H7	1
Q8N5I4	11
Q8N5I2	1
P22087	251
P17066	1013
P49959	17
Q9UJD0	2
Q00341	883
Q00610	3137
O76031	79
Q00613	1
P35813	78
P78356	16
Q5SRE5	23
Q5SRE7	69
P14902	7
O00478	2
O00479	6
P01714	8
P01717	25
P01719	3
Q96T76	51
O00471	16
Q15370	81
P03973	1
O15084	27
Q969T7	2
Q969T9	26
P09543	117
P08637	9
P08631	21
P32455	97
P32456	33
Q9UKM7	10
Q4V328	63
Q8IZ07	5
Q5T1M5	44
Q86T03	11
Q99856	5
Q6NYC8	18
P28907	3
P28906	5
Q69YU5	1
P04280	2
P62701	356
P18065	3
O00566	9
P68431	1230
O75953	2
Q15004	2
O75955	185
O75954	7
Q9BTC8	12
Q15003	18
Q08379	89
Q08378	97
Q9H7Z7	53
Q9BTC0	28
O43252	51
Q09028	91
Q9NYF8	50
P58876	4841
P53602	89
P53609	2
Q8WVV9	21
Q14137	11
Q9UPM8	2
P10109	46
O00116	128
P46783	327
P46782	333
P46781	190
E9PM46	55
Q8NEN9	3
Q68D10	2
O43432	37
F8VZX2	351
P04632	192
Q16864	21
Q9UGQ2	1
Q8WUW1	9
O75376	1
O60476	10
O75379	2
Q6P2H8	1
Q8TCU6	4
P20823	2
Q9ULU4	3
P20827	1
Q8N5V2	2
Q96F63	1
P82912	9
P82914	5
Q9Y5P6	71
Q9Y5P4	28
Q13356	1
Q13351	5
Q96DA6	6
P11509	563
Q9BSV6	4
Q5TC63	2
O95436	27
P63151	45
P17213	25
A7E2Y1	68
P61421	32
Q9BTW9	52
P48047	799
O15530	4
O15533	23
Q9H7F0	1
Q9HCG8	7
P49327	6514
Q13740	129
Q96EM0	15
P30566	69
P80511	44
Q9NW13	7
Q9NW15	3
Q9UP52	122
Q8WWQ8	135
Q8WWQ0	2
Q9HB21	2
Q9Y2E5	4
Q6P3W7	12
Q8TDH9	3
Q6NY19	2
P13010	675
Q8NFV4	25
P09488	857
A2VDF0	58
Q9BVJ6	12
Q9BVJ7	45
P09486	9
Q2PPJ7	9
P52926	9
P02100	4192
P57737	61
Q96AA3	5
Q8IYU8	2
Q9C0D5	1
Q9C0D3	1
P48506	232
Q9Y4W2	6
P29992	70
Q9C0D9	24
Q8TCJ2	124
Q93034	50
Q93033	3
F8W031	244
P24462	1473
Q92616	338
Q92615	5
Q92614	293
Q92619	8
O75569	17
Q9BZK7	10
O60701	1276
Q9Y6I3	45
O60704	2
P78549	1
O75563	4
Q9Y6I8	12
Q9Y6I9	8
Q99996	16
P42785	40
Q5JRK9	1
P01100	1
Q01484	10
P06331	1
O75746	327
Q9H9J2	15
P68371	6029
Q9NRD1	5
P33151	7
Q13107	8
P61964	19
P61966	21
P61960	33
P61962	5
P52747	13
O94811	5
Q14651	241
Q14653	6
O94819	9
Q14657	18
O95433	45
Q99442	18
Q8TD06	15
Q99447	271
Q0JRZ9	11
P40925	1081
P40926	3796
Q9NY61	2
Q9NY65	2975
Q9NY64	1
Q9UHJ6	84
P80723	321
Q96PK6	131
Q8N1G4	207
Q8N1G2	6
Q9UNZ2	231
Q96ME7	7
P11712	959
P11717	224
Q9BQ39	40
Q12765	12
Q9NYY8	4
P19525	29
Q12768	113
Q16651	1
Q16656	1
Q16654	5
Q16658	226
Q96B77	2
Q8WYJ6	2
Q9BPY8	1
Q9NXC5	14
Q9NS86	30
Q9BX68	364
Q9BV86	14
Q9BV81	2
P80188	47
O60941	5
Q7L2J0	1
P23786	539
A2A3N6	46
Q9H5N1	14
Q96D15	17
Q7Z3K3	2
O60493	130
O60499	4
Q9UBK9	2
P30711	241
Q8N5K1	124
P01243	20
Q15233	463
Q96BZ8	2
O00182	15
Q96IY4	7
O00187	1
Q06136	26
Q13685	8
P13716	584
Q12888	34
P14927	223
P14920	49
O76054	386
Q07666	53
P14923	307
Q12882	316
Q9NRY2	1
Q9UKU0	118
Q9NRY6	2
Q9NRY5	28
Q9NRY4	56
Q5JTZ9	27
O00453	1
Q2VWA4	1
O00329	9
O75817	3
O95190	1
Q96CB9	1
Q96CB8	1
Q9UL46	725
Q9UL45	3
Q9UL42	6
Q9UL41	4
Q969Z0	35
Q969Z3	238
Q13976	9
P57053	4762
P02649	554
P02647	1474
P01611	5
Q9P086	2
P01594	42
P01593	41
P01591	8
Q12769	52
Q32P28	37
Q15910	7
Q9H1B7	6
P53999	139
G3V3G9	38
Q9UKK3	38
P53990	49
P53992	215
O95994	43
Q6P1R4	1
P78371	693
Q9Y251	1
O15355	34
O15357	10
Q9Y259	6
Q99832	455
Q99836	7
Q01546	146
Q14331	6
Q9NTG7	21
Q6KC79	9
Q9BTE1	6
Q9BTE3	4
O75970	72
O75976	129
Q9BTE6	14
Q8N490	19
P22090	148
O43237	41
P08779	463
Q8N3F8	3
P53370	36
Q8WVP5	1
Q9UEU0	24
P35527	3358
P35520	438
P10124	1
A1L188	3
P05108	1
Q8TEY5	8
O75356	271
O75352	71
O75351	47
Q8IVH4	56
Q86X83	17
P05543	11
P82930	11
P82932	1
P82933	13
Q8N3J5	1
Q9NS87	1
Q9BX63	1
Q96F45	3
Q96DC8	217
P67809	582
Q9Y5R6	1
Q9Y5R8	3
Q13370	4
P14735	123
Q9ULW0	5
Q16222	70
P61158	386
O95602	5
Q9H9Q4	5
Q9H9Q2	13
P48060	1
Q8IWJ2	18
Q9HCE6	29
Q9HCE0	6
Q9HCE1	133
P48067	1
Q9BRL6	50
O15514	5
O15511	96
Q2KJY2	2
Q96NY7	33
P50053	868
Q96EK6	155
Q96EK7	6
Q96K19	53
Q96K17	52
Q96EK9	5
P50502	400
Q13769	17
P40261	604
Q53H12	30
P51452	166
P16278	181
Q9BUJ2	101
P62266	118
P37268	169
P62263	428
P62269	305
P31146	161
Q7L311	1
Q8NE86	11
Q9Y2G3	4
Q9Y2G8	2
Q9HB40	55
Q08945	58
Q5JVM0	21
P07195	656
Q01844	128
P07196	30
P09132	17
Q9BT73	11
Q9Y394	195
Q5T5C0	2
H3BR10	3
Q08495	26
Q92982	6
Q9BT78	96
Q9Y399	8
P37840	108
Q9NVF9	2
Q9P2B2	69
P52907	392
P04183	35
P04181	164
P04180	1
Q9NXX6	1
Q9Y4U1	1
Q9BXS5	85
Q86UU1	2
Q53LP3	20
P35268	174
Q9C0F1	1
P35269	4
O75503	5
Q5VT52	7
O75506	1
Q8IX12	44
Q9H3G5	73
Q9Y6K0	2
Q9Y6K1	1
Q9Y6K5	43
Q96Q42	1
Q9BZI7	2
Q9Y6K9	8
P08263	11838
A2RRP1	57
P05362	95
P06310	44
Q96AG3	2
P06312	40
O95382	5
H7BXI1	55
P06316	10
P06319	3
Q13162	732
Q9H410	1
P82664	9
Q3ZCW2	13
O60264	62
F5H0B0	85
Q9UIV1	4
Q6P4F2	8
Q6JBY9	14
Q7Z2E3	2
O94832	124
Q7LG56	28
Q8IW45	68
Q8TD22	36
Q6IBS0	124
Q04721	2
P12814	2972
Q04724	1
Q04726	1
Q2TB90	99
Q9H1Y0	5
P21817	2
P21810	318
Q9HDC9	705
P33176	278
Q02094	3
Q53F19	5
P58335	1
P07203	230
Q96PM5	2
P31995	23
P31997	8
Q71UM5	36
Q14677	69
Q14676	4
Q14678	8
O94766	5
O94763	1
O94760	546
O00186	36
Q9BQ13	2
Q12788	15
Q92499	266
Q2NL82	7
Q96B54	9
Q96HW7	8
P04406	14364
Q5VZF2	27
Q86WN1	2
P30154	136
P30153	390
O60927	3
O60925	18
P30488	254
Q4ZIN3	2
Q5ST30	30
P30481	230
P30480	309
Q02817	2
P30487	255
P30486	235
P34810	21
Q15785	17
Q567V2	5
Q13428	34
Q9UQN3	7
P12724	24
P07360	25
Q9NP59	5
Q9NP58	48
Q53GS9	22
P80303	104
Q9NZW5	14
Q5T6F2	6
Q07065	746
P37108	116
Q8N5M9	19
P17026	4
Q8N5M1	25
P17028	2
Q8N5M4	5
Q07889	1
P50991	442
P50990	556
P50995	172
Q8IUG5	6
Q5GLZ8	21
Q9H0N5	14
P05114	32
O76071	16
O76070	14
Q96I25	17
Q9P2D3	5
O00303	142
Q96T37	18
Q12884	5
O00308	2
Q13952	2
Q13951	10
Q6ZT12	5
O95178	2
Q969X1	13
Q96CD0	3
Q9UL25	111
Q9UL26	9
Q9BRQ8	12
Q9BRQ6	9
P13796	883
A6NDB9	194
P52597	506
Q9BRF8	238
Q96SQ9	3
Q96NB2	49
Q96NB3	3
Q96EV2	2
Q96EV8	1
O15372	74
O15371	113
A1X283	1
P60033	187
O15374	1
Q9H1D9	1
P43378	3
O15379	4
P78310	15
Q9Y274	1
P78314	1
Q9Y276	23
P78316	8
P78318	11
Q8NI27	33
P22307	1157
P22309	466
Q15323	124
Q8ND30	20
P00403	357
Q95IE3	70
Q96GG9	47
Q14314	1
Q14315	387
Q9H944	2
O43815	21
Q8TDQ7	22
O43813	47
Q13526	68
O43819	13
O43818	7
Q5T2T1	2
Q9UEW3	4
Q8N3D4	17
O43747	97
O43741	51
Q15800	71
Q92796	6
Q92797	41
Q92793	14
P04798	37
O96013	2
P04792	1507
Q7KZI7	3
Q9Y3B7	20
Q9Y3B4	18
Q9Y3B2	5
Q9Y3B3	123
P35504	446
P35503	490
Q9Y3B8	29
Q9Y3B9	1
Q8NEB9	12
Q99816	21
P42357	462
Q8TEW0	7
Q9H061	39
P46527	18
P23434	165
Q9BQT8	3
Q5JPH6	16
Q02952	180
Q96DM3	1
Q99766	11
Q8IUZ5	26
P98095	46
Q9BSR8	1
Q13315	3
Q9Y5T5	1
Q8N612	7
P04899	336
P06493	56
P17252	38
Q8IZD4	1
Q9H9S5	1
Q8NC44	8
Q8IWD4	1
Q9HCK5	18
H3BSF1	382
Q03468	1
P55008	56
Q96EI5	2
Q8WXI9	6
Q9UN37	30
Q96K37	8
Q9BUH6	38
P19971	364
Q16204	17
P62241	405
A6NKC4	4
P62244	149
P62249	230
Q9UKK9	240
Q8WWM7	42
Q8WWM9	6
Q9UP95	5
Q9HB66	27
Q9Y2A7	100
Q9BVV7	9
Q9H2A2	1066
P13051	2
O95997	1
P09110	3919
Q03591	60
Q5T2W1	175
P16662	745
Q9BYG3	6
Q8NBU5	23
O14569	7
Q99081	1
O14561	98
O14562	11
Q9NNW5	2
Q9NNW7	214
P35754	241
Q9H8T0	4
P34913	747
Q93099	863
Q10567	547
Q5SW96	1
Q08211	703
O75528	1
Q9Y512	67
O75525	5
O75832	43
O75521	617
Q9Y6M9	104
P08240	143
Q5TFE4	58
Q8TAT6	98
P08243	5
P08246	103
Q9Y6M5	12
P15336	2
P17538	4
O75570	2
O95819	8
O95816	12
O95817	12
O95810	122
Q9H479	105
Q13148	86
Q13144	32
O75781	10
Q8NFI3	5
Q9H477	65
O75787	4
P52788	37
P52789	44
Q8N6C5	77
Q8N573	23
Q9UK99	3
Q9P299	14
P62888	211
Q8TBN0	8
Q58FF8	1083
P43121	28
Q58FF6	1022
Q58FF7	2034
Q8TAQ2	93
Q99487	14
O94851	2
O60716	465
O94855	110
P05771	22
Q8TD47	132
P12830	169
P26358	34
P24844	266
Q6PIK3	74
P12956	643
P12955	194
P07951	435
P07225	21
Q6QNY1	7
Q6QNY0	3
P46952	500
Q6FIF0	1
Q9UHN6	36
Q6ZMV5	1
Q14694	31
Q14697	2442
Q14696	87
Q14691	1
Q14690	43
Q14693	2
Q14692	4
E9PCV6	3547
Q7KYR7	4
O14818	337
Q8N3Y7	22
O14817	1
Q16698	2398
P16870	3
Q9UPT5	34
Q96B36	3
Q96HY7	252
Q9UPT8	29
P04424	1115
Q3MHD2	11
O60306	28
O60307	4
Q6ZNJ1	3
P47929	4
Q9BV38	9
Q9NXG2	26
Q9NXG6	1
Q27J81	108
Q9UBP6	3
Q9UBP0	5
P13533	622
P06576	6597
P13535	297
P60900	282
P60903	148
Q8WUD6	4
P63302	2
P11021	9196
P11137	2
Q9H5J4	1
Q9H400	1
Q63ZY3	39
Q9NSC5	1
Q15274	369
Q15276	16
O00148	191
Q9BV36	2
O00142	7
P13284	20
Q5VYK3	109
O43236	1
Q8IUE6	3336
Q9BPU6	1
Q9H0L4	13
P51553	22
P51003	7
P52209	585
Q9UL03	1
O95155	11
O95154	769
Q15311	3
O95159	5
Q7Z4R8	26
Q9NP73	5
Q9NP72	100
Q9NZU5	24
Q9NP77	6
Q9NP74	33
Q9NP79	57
Q6PJW8	1
Q9UKG9	74
P18887	7
Q9UKG1	72
Q30154	51
P43353	86
O15397	28
P07766	1
Q07627	1
Q12849	15
Q12846	37
P78330	46
Q9Y217	5
Q12840	54
Q12841	1
P18085	514
P18084	20
P04229	69
P04222	213
P68104	8519
Q7Z5P4	681
P02689	10
O43837	46
Q14192	15
Q14197	10
Q14194	99
Q14195	157
P60484	1
O60683	1
P35568	1
O60684	39
B4E1Z4	264
Q8TB96	5
Q8WV99	1
O75312	9
Q5VW32	30
O75310	225
O75317	1
O75643	374
Q5VW38	1
Q8WV93	1
O75648	3
P23458	7
Q8WWY3	30
Q13084	6
O43765	59
Q02978	420
O43760	24
Q2M2I8	9
O43768	38
O95429	1
Q14738	27
Q14739	73
Q13332	11
Q13330	22
Q9Y5V0	2
Q99747	53
Q8IUX1	2
O43824	1
Q8IUX7	36
Q8IUX4	6
O43491	265
O43493	68
Q6IN85	15
Q7Z7N9	1
Q15485	7
O15551	5
Q86Y56	13
O15121	3
Q9NZ63	4
Q16595	27
Q712K3	1
Q7Z794	872
Q86SR1	2
Q9BUN8	16
Q6DKJ4	4
Q16772	6071
Q16773	1
Q16775	389
Q16778	4618
P12035	108
Q2TAL8	4
P10768	783
Q9Y2C4	2
O14602	40
Q8TDN6	9
P50542	17
P55060	295
P55061	16
Q5QNW6	4846
P50548	2
P24310	1
Q9BVT8	8
Q9H2C0	2
O14545	1
O14544	2
P37802	530
Q9BYE9	2
Q9NVJ2	119
P47712	7
O14548	26
P52948	48
P52943	92
Q96GQ7	6
Q96GQ5	6
P49810	2
P49815	2
Q86UY8	2
Q9Y4Y9	39
Q9C0B1	18
P14866	590
P20742	264
Q9C0B5	5
P14868	299
Q93091	4
Q93096	13
P05093	1
P05090	133
P05091	9015
P09467	4613
P09466	13
P06681	33
Q9BZM1	5
Q9Y530	14
Q9UJ14	4
Q6PK04	1
Q15109	22
Q15102	71
P17516	1821
O15234	1
O15235	2
O15230	178
O15231	1
O95831	1159
O95832	18
O95833	12
O95834	28
O95837	36
Q8TF05	12
Q9NRN9	1
Q9NRN7	18
Q9NRN5	2
C9JLW8	6
Q5T1C6	1
Q96Q06	90
Q9NSY2	1
Q9H2U2	306
Q9NSY0	2
Q9UIJ7	451
P24534	338
Q9NSY1	13
Q92854	1
Q9H3K6	26
Q9H3K2	35
P24158	88
P45379	15
P45378	2
P42677	84
P42892	40
P98171	10
P98170	1
P98175	19
Q04760	269
Q8N0W3	22
Q5SSJ5	172
P26373	153
Q86VQ6	19
P00747	252
P00746	6
P00740	27
P00742	7
P00748	29
J3KR12	10
P12931	31
Q9UHL4	83
P49257	375
Q9UNP9	29
O94874	205
O14832	156
Q9Y520	44
Q9BYX4	1
P04440	38
Q8IXT5	8
O75106	30
Q9UPZ9	8
P25445	5
Q96G46	15
P50226	1249
P50225	1532
P50224	796
P63096	136
P63092	129
P63098	8
Q9UBR2	207
Q9UBR1	672
P30447	237
P30443	231
P84157	7
P49662	6
Q9UKA4	1
Q06265	5
P54105	19
P54108	1
Q5C9Z4	2
A6NED2	1
Q8N5A5	3
Q6UX53	102
Q8WTT2	5
O00160	62
O00161	31
O00165	8
P61254	122
Q15291	6
Q49AR2	3
E9PSI1	63
Q13627	2
Q9H0J9	8
Q13620	88
Q9BPW8	544
Q9NX95	2
P51570	946
P51571	249
P51572	196
Q8IUC1	1
Q8IUC4	4
P52888	101
Q9P2X3	7
Q9P2X0	13
P05156	61
P05155	208
P05154	7
Q7Z3U7	61
O95139	27
P55210	8
P55212	30
P51687	302
P51688	9
P51689	56
Q9H6T3	13
Q9H6T0	8
Q07020	304
Q07021	465
Q9NSE4	326
Q6UXH1	10
Q9NP97	37
Q9NP90	55
Q9NP92	2
Q32P44	29
Q9P021	1
Q96SU4	8
Q96ER9	25
Q6ZU35	1
A5A3E0	6578
Q96ER3	2
Q08043	537
Q9Y237	29
Q6P1X6	102
Q9HBH5	23
P10515	87
Q8IZ81	42
Q9HBH0	4
Q9HBH1	3
P07741	378
Q12860	1
P02511	78
P15586	54
P25942	1
P25940	3
Q86VN1	27
Q7Z5R6	19
P04207	15
P00918	1495
O60524	10
Q6ZMI0	28
P00915	1548
Q8TB61	7
O43852	142
P53680	16
P49069	1
P35237	190
P35236	1
P35232	864
O75489	245
P14324	378
O60669	4
O60664	212
Q3KQV9	9
Q9Y3F4	103
P17980	231
P17987	457
Q6UWY5	10
Q96JB2	20
Q96JB5	111
Q8IYB5	5
Q8IYB7	4
Q9BXD5	22
Q8IYB3	30
B4DLN1	297
O75663	43
Q8IYB8	23
Q05315	7
P27540	1
Q8IVB4	1
P14061	2
P14060	8
Q96G97	1
Q15843	62
Q15847	43
O43704	48
O43707	4259
O43708	342
Q15848	1
P61803	73
H0Y2U5	2
Q96DI7	31
P42285	98
Q9NPA0	10
Q9NPA3	3
Q2PZI1	4
P68871	39027
P23511	1
Q9Y5X2	3
Q9Y5X3	147
Q9Y5X1	47
Q99720	66
Q96EK5	15
P51580	147
Q68D91	14
Q7Z7L8	2
Q7Z7L7	1
Q96FS4	4
Q7Z7L1	4
Q02338	817
P05981	18
Q9NZ43	9
Q9NZ45	138
Q6Y7W6	32
Q16576	83
Q5UIP0	5
P26639	327
Q5VSL9	1
Q9BUL8	46
Q6B0K9	165
Q5TGZ0	2
P16219	1074
Q9GZU1	1
H0YJ10	83
Q16718	95
Q16719	139
Q9ULQ1	2
Q9BW27	27
P10646	1
Q06520	1250
Q06033	31
P10746	39
Q9NWT1	1
Q9H0R3	3
Q9Y2M5	1
Q9Y5U8	39
O14662	4
P41732	10
Q96E52	4
Q7L1Q6	97
Q8WXE0	5
Q96K76	53
Q8IV38	2
Q8NBQ7	2
Q8NBQ5	510
P56537	170
P51965	4
O14521	28
Q9BYC8	2
Q9BYC9	3
Q9NVH1	52
Q9NVH2	2
Q8IY31	1
Q9NYM9	2
Q8WWI5	27
Q96GS4	8
Q9BXY0	1
Q86XE5	99
Q4KMQ2	35
Q4KMQ1	2
Q9UBI6	52
Q9UBI1	30
Q86YT6	3
O00757	359
O00754	43
P39687	244
Q6I9Y2	2
P02724	14
P08758	1227
Q9Y6A9	21
Q9Y448	1
Q9Y6A4	10
Q9Y6A5	6
P29622	7
P23284	1654
P52434	33
P52435	2
Q96AY3	25
Q96AY4	2
O95857	1
Q15120	9
Q15121	27
O60486	4
Q15124	33
Q15125	218
Q15126	88
Q9H0W5	7
O15212	30
O15213	4
P24390	24
Q5EBL8	11
Q5VWP3	2
O15217	33
Q5EBL4	1
Q9H0W9	780
P43250	1
P43251	8
Q8TF65	12
Q8TF66	2
P17029	1
Q9NRL2	9
Q9NRL3	12
Q9UK55	5
Q7RTS9	4
Q3ZCQ8	76
Q9UK59	1
Q9UK58	1
Q96LA8	2
Q9UIL1	4
Q8N5L8	1
Q08257	1078
O75874	2521
Q92878	131
Q92692	19
O75879	1
Q969G6	3
Q92696	40
Q92871	5
Q969G5	36
Q8N0U4	4
Q8N0U8	37
Q5HYI8	16
Q8WZ42	260
Q14525	103
Q14520	7
P04075	1034
P04070	8
Q68CR7	1
O43516	5
Q96PC3	1
Q3YEC7	10
K7EQ37	14
P07919	161
Q9UHB9	115
P41250	231
Q8WTS1	3
P41252	273
Q9UHB6	63
O96033	5
Q7Z2K6	29
P21462	1
O75298	6
Q17RY0	3
Q9H4L5	1
Q9H4L7	7
Q6VN20	5
Q9NYQ3	38
D6RAT4	14
P54296	3
Q13277	2
O75122	16
O75128	33
Q9H0A0	42
Q9BWQ6	1
O60343	3
O60341	29
Q9UBT2	84
Q9BPZ3	1
P61018	63
P61019	288
Q13459	9
Q96D96	7
P49643	1
P61011	46
P49641	2
Q06203	22
O15455	2
Q9H5V9	1
Q8NB49	23
P07197	40
P15104	190
Q5Y7A7	102
P14543	101
Q8NG11	3
Q8NB46	3
P12268	146
O95070	14
O95071	3
Q13601	1
P13798	379
Q96L92	24
Q13608	6
Q9H0H5	1
Q9H0H0	1
P30466	280
P30464	296
P30462	300
P30461	251
P30460	301
P80108	8
Q9H974	2
Q6NZY4	36
Q96I45	1
Q5J8M3	7
O15027	95
O15020	375
Q0VDF9	10
Q53GQ0	364
P38435	131
O00442	22
J3KN67	462
Q86WB0	5
Q14894	64
Q86WB7	3
Q7Z4V5	40
Q8N5C6	4
P30793	4
P80365	1
Q9NZQ3	4
Q07000	228
P18510	1
Q96QD9	9
Q96QD8	14
Q96ND0	13
Q96EP5	82
Q9P000	34
Q04206	31
Q9P003	3
P56181	17
P56182	11
P60059	24
Q12802	22
Q12800	9
Q12805	33
Q9BU76	2
P02538	749
Q5JTB6	1
Q8NC96	1
P02533	452
P04264	8299
Q9NRK6	49
Q7KZ85	57
P09619	17
Q9BTM1	3732
P00973	1
Q9BTM9	5
O60502	10
O60504	45
O60506	348
O60507	2
O60508	4
P39210	2
P39748	48
P49005	5
P49006	64
P53801	12
Q9Y3D5	1
Q9Y3D6	158
Q9Y3D0	12
Q9Y3D2	28
P35218	7
Q5VU13	1
Q9Y3D8	3
Q9Y3D9	12
P27701	14
P27707	23
P27708	443
Q8TEQ6	18
P28702	3
P25963	2
O60478	1
P00395	15
Q9H553	27
P00390	339
Q7Z6L1	3
Q92484	3
Q92485	1
Q9H008	195
O75608	107
P08567	51
Q9Y4B6	2
Q13049	2
Q9H8M9	6
Q13045	115
O75600	44
P23490	3
Q13042	2
Q8N414	7
Q14773	1
Q5T3F8	1
Q99707	25
Q99700	12
P48357	1
Q9Y5Z4	151
Q9Y680	9
Q9H9Y6	5
O95684	2
P19484	1
Q8IWB9	3
Q9HCM4	12
Q02318	214
P24941	22
A6NK44	1
O43181	132
Q16555	399
Q9BXS6	1
Q9BUR5	37
P21399	1715
P22626	2194
Q53H96	29
Q8NCS4	1
Q96KB5	2
Q9UFG5	3
P27105	682
P12074	88
Q96FQ6	18
Q9BY64	228
Q9BY67	14
Q8NE01	4
O14646	4
O14647	2
Q9NWV8	13
Q9NWV4	43
P49585	32
Q96MX0	1
Q9P0U1	1
P49588	510
Q96E39	232
P20338	75
Q8WXC6	2
Q8NBS9	541
P47755	193
Q8TBX8	18
Q86Y37	1
Q676U5	1
Q15555	43
Q15554	6
P83876	3
Q9Y244	1
P25398	572
Q96GM8	3
Q06546	5
Q00266	1352
E9PMV2	9
Q9UBK7	4
Q9UBK8	3
P20702	42
P20701	25
P20700	1126
P01619	14
P01616	4
Q04941	9
P01612	4
P01613	5
Q9H2G2	100
P09429	564
Q9BVP2	11
Q15459	191
Q13813	4769
Q7Z3V4	1
Q9Y6C9	602
F5GWP8	293
Q9Y6C2	286
Q9BYV8	1
Q15149	2636
Q5JRA6	270
O95870	36
P06396	636
O95873	1
P35914	654
Q9H0U6	7
O15270	7
Q9H0U4	390
Q9H0U3	45
Q96TA2	17
Q9UK32	22
P0CAP2	2
Q01130	241
H0YL77	8
Q969E4	19
Q969E2	5
Q969E8	1
Q9Y570	62
P00568	200
Q92817	86
Q02818	229
O75155	24
Q13242	52
O75157	2
Q5HYK7	1
Q5HYK3	64
Q6ZUJ8	66
Q9H490	2
P78527	1157
P78524	1
P54855	314
P54851	1
P54852	5
Q8N1I0	1
Q96PE2	4
P41236	15
O96011	46
P41235	3
O96019	38
P46934	17
P46937	8
Q7L8J4	1
P46939	310
Q6ZMP0	1
Q5T9A4	91
P17301	56
O14879	17
Q96RW7	100
A6NG51	4698
O14874	77
Q96G03	272
Q7L3T8	5
P06889	1
Q13257	3
O75143	1
O75146	51
O75144	1
Q9BWS9	46
P19013	180
P19012	225
Q9NTJ3	57
Q9UBV8	15
Q96AG4	212
Q9UBV2	115
Q8WUD4	1
P13647	598
Q8WUD1	134
P40189	2
P11047	307
P48163	51
Q9BQI3	3
O15479	1
O43301	1
Q5T8P6	5
P50914	200
O00124	4
Q08AH1	13
Q08AH3	1296
Q8N488	1
Q02108	9
P30405	174
P31751	29
O15042	30
O15047	3
Q06481	2
Q8NI99	8
Q8NAV1	8
P16401	1497
P16403	3358
P16402	2329
Q9HC07	18
P12532	2
Q9UKA9	12
Q9UKA2	1
P18827	46
P15814	7
Q9HBL0	181
Q9HBL7	1
P51397	12
P51398	22
Q9HBL8	5
Q12824	7
P52848	2
Q86VB7	167
Q9H7N4	3
P35052	4
O60568	59
Q8TDY8	1
O43895	9
O60563	2
Q8TDY4	4
O43896	15
Q9BQ15	2
Q9UMR2	97
A8MWD9	7
Q8IY37	3
Q9NNX6	25
P35580	2427
P49023	22
Q8NBN7	43
P35270	321
P61981	735
Q8NBN3	7
Q3KQZ1	1
Q15084	1955
Q9Y2I8	3
Q15080	4
Q9BY44	88
O75629	11
Q8IVF2	62
Q8TE82	1
Q8TCY9	1
Q66K66	1
P53396	671
Q8WVJ2	18
Q9UM13	1
Q13395	1
O94915	1
O94919	5
Q02487	6
Q9NPE3	10
Q6NT55	14
Q8N699	1
Q8WV74	5
P0DJ93	1
Q6PCB7	4
Q6PCB0	2
Q8IZL8	15
Q9HCS7	10
Q9HCS2	121
Q86Y39	31
P36776	463
P81172	5
Q9NZ08	258
Q5JQF8	19
Q9NZ01	152
P22748	4
Q16531	447
Q16537	9
Q6NUK4	1
Q16539	45
Q6NUK1	23
Q9BUP3	64
Q9BUP0	62
Q9NUV9	42
Q9NUV7	4
P04818	23
Q02543	127
Q96FW1	182
Q7Z7H5	83
Q7Z7H8	6
Q9Y2I1	2
Q9BY49	475
Q9BW61	4
Q9BW60	7
Q9BY43	50
Q9BY42	5
Q96PZ0	4
Q6IAA8	56
Q96E17	63
Q9UNK0	6
Q96E11	12
Q9P0S9	39
Q96MV1	7
Q6ZSZ5	1
Q7Z739	31
